timestamp,source_ip,destination_ip,protocol,destination_port,packet_size_bytes,packet_size_anomaly
2026-01-17 13:17:29.309632,194.255.226.195,186.249.169.92,UDP,52763,1166,0
2025-12-24 12:28:29.309632,14.104.136.141,33.120.51.73,TCP,10753,1499,0
2025-12-20 14:11:29.309632,34.147.224.226,159.35.99.82,ICMP,22491,900,0
2025-12-31 23:16:29.309632,179.248.62.8,125.230.168.158,TCP,17215,1334,0
2025-12-30 14:21:29.309632,250.122.81.80,169.156.78.145,ICMP,4507,1170,0
2025-12-29 14:40:29.309632,142.7.208.24,146.186.161.246,ICMP,42269,1135,0
2025-12-25 19:16:29.309632,58.58.236.243,110.86.2.81,UDP,53158,1084,0
2025-12-24 02:49:29.309632,31.78.255.239,64.113.223.71,ICMP,19371,161,0
2026-01-13 06:33:29.309632,184.149.139.107,216.184.68.174,ICMP,58220,506,0
2025-12-23 09:49:29.309632,214.247.241.63,188.169.245.119,ICMP,9304,1278,0
2026-01-15 07:50:29.309632,117.74.196.49,115.183.156.125,UDP,56821,370,0
2026-01-07 15:43:29.309632,236.69.35.71,142.55.89.166,TCP,34326,127,0
2025-12-20 21:34:29.309632,198.212.174.240,156.41.143.220,UDP,64481,1436,0
2025-12-20 19:24:29.309632,202.136.1.73,212.71.100.68,ICMP,39295,1163,0
2025-12-23 17:12:29.309632,186.152.250.222,188.39.38.229,ICMP,59071,911,0
2025-12-29 09:40:29.309632,39.228.247.89,5.15.207.197,UDP,33063,170,0
2025-12-30 00:59:29.309632,86.193.233.239,152.108.18.142,UDP,14729,1372,0
2026-01-11 10:50:29.309632,83.96.122.147,67.241.76.94,ICMP,48681,809,0
2026-01-15 20:25:29.309632,99.119.210.12,101.114.148.35,ICMP,6352,383,0
2025-12-20 15:51:29.309632,82.242.195.99,119.46.203.94,ICMP,52440,1477,0
2026-01-13 23:53:29.309632,254.77.253.247,129.5.122.218,UDP,31862,845,0
2025-12-28 12:03:29.309632,10.64.169.223,247.84.71.115,UDP,52855,425,0
2026-01-18 00:42:29.309632,26.225.51.135,41.91.74.189,TCP,44500,1255,0
2026-01-13 06:05:29.309632,234.233.7.185,188.247.183.11,ICMP,41314,995,0
2026-01-07 13:05:29.309632,37.209.79.20,57.249.118.17,TCP,5268,316,0
2025-12-29 11:38:29.309632,121.135.173.160,68.189.119.11,UDP,11989,1224,0
2026-01-08 21:31:29.309632,178.203.41.219,172.105.184.100,ICMP,34349,499,0
2026-01-15 06:30:29.309632,85.194.162.161,121.232.23.11,ICMP,26452,1377,0
2026-01-01 02:43:29.309632,184.249.18.159,252.165.52.181,TCP,50254,61,0
2025-12-19 17:57:29.309632,18.120.147.59,248.140.134.149,ICMP,58847,292,0
2025-12-26 17:15:29.309632,192.46.222.251,140.89.192.168,UDP,43292,787,0
2026-01-07 16:28:29.309632,26.51.227.43,97.187.39.133,TCP,50243,896,0
2026-01-03 22:30:29.309632,178.153.14.12,65.192.114.133,TCP,34385,514,0
2026-01-01 02:22:29.309632,84.28.150.92,104.180.176.125,TCP,25544,1122,0
2025-12-26 12:41:29.309632,96.220.74.63,203.246.3.129,TCP,33692,550,0
2025-12-29 06:02:29.309632,136.210.92.44,226.71.225.43,ICMP,35023,739,0
2026-01-03 18:31:29.309632,45.40.195.159,59.39.143.55,UDP,31443,1015,0
2025-12-24 02:30:29.309632,175.123.254.234,39.95.80.93,TCP,12747,229,0
2025-12-23 16:10:29.309632,150.73.118.119,155.60.117.107,UDP,22108,997,0
2026-01-05 17:50:29.309632,164.130.235.66,208.169.58.124,UDP,47710,726,0
2025-12-23 20:30:29.309632,171.4.238.231,173.245.245.54,UDP,25519,997,0
2026-01-04 18:58:29.309632,74.80.37.114,152.82.210.6,TCP,35454,602,0
2026-01-04 02:33:29.309632,242.176.153.164,63.22.65.147,TCP,46532,1307,0
2026-01-15 22:17:29.309632,247.217.128.117,152.82.68.162,ICMP,32690,871,0
2025-12-31 11:47:29.309632,217.154.101.99,132.20.75.15,TCP,47917,1194,0
2025-12-21 10:19:29.309632,219.247.54.61,43.132.92.133,TCP,63653,686,0
2026-01-09 08:40:29.309632,98.183.151.180,246.207.9.225,UDP,33443,60,0
2026-01-12 20:34:29.309632,76.11.202.71,185.145.43.56,UDP,32065,880,0
2025-12-25 03:12:29.309632,3.25.254.214,115.241.246.44,UDP,18602,206,0
2026-01-05 16:19:29.309632,232.146.117.156,57.210.73.204,ICMP,39105,1337,0
2025-12-23 00:56:29.309632,206.180.112.163,150.93.135.43,TCP,27293,427,0
2026-01-13 13:50:29.309632,49.128.70.161,186.175.232.153,TCP,42835,640,0
2026-01-01 19:05:29.309632,25.20.158.202,152.35.117.97,ICMP,61387,355,0
2026-01-17 01:30:29.309632,113.17.186.188,99.67.55.5,TCP,52831,53,0
2026-01-16 14:27:29.309632,34.46.151.84,52.214.76.156,TCP,39288,281,0
2026-01-04 21:52:29.309632,192.212.89.52,25.90.243.231,UDP,43598,816,0
2026-01-14 17:29:29.309632,34.187.139.213,158.19.60.24,UDP,3415,1409,0
2025-12-28 04:53:29.309632,43.131.246.248,124.66.0.230,TCP,14596,604,0
2025-12-22 14:50:29.309632,207.151.173.206,241.220.215.95,ICMP,15403,937,0
2025-12-21 12:55:29.309632,30.239.38.37,224.22.219.59,TCP,59664,1403,0
2025-12-29 19:47:29.309632,194.115.203.248,241.246.195.90,TCP,14320,131,0
2026-01-01 14:57:29.309632,217.187.46.203,151.50.217.35,ICMP,30644,1430,0
2025-12-23 02:01:29.309632,102.7.135.138,66.244.119.233,TCP,57585,995,0
2025-12-30 01:08:29.309632,32.232.188.173,220.42.145.154,UDP,16377,1491,0
2025-12-24 01:11:29.309632,192.134.195.211,225.209.131.49,UDP,26962,548,0
2026-01-05 18:03:29.309632,164.190.55.173,2.3.60.134,UDP,15342,815,0
2026-01-01 02:29:29.309632,60.241.12.159,2.192.105.177,UDP,21070,74,0
2026-01-09 02:06:29.309632,227.167.113.166,206.161.209.93,TCP,28871,245,0
2026-01-17 09:12:29.309632,17.237.154.167,28.79.218.167,ICMP,59259,1144,0
2026-01-05 01:21:29.309632,105.59.71.12,150.129.133.219,UDP,25729,1451,0
2025-12-26 20:31:29.309632,243.19.155.127,138.216.187.157,TCP,38462,1065,0
2026-01-05 07:12:29.309632,30.49.120.228,71.203.104.106,ICMP,11319,1061,0
2026-01-04 14:55:29.309632,138.69.198.117,142.247.91.95,ICMP,62325,1453,0
2025-12-28 23:42:29.309632,95.214.79.227,144.247.129.254,ICMP,56226,605,0
2025-12-31 14:28:29.309632,107.50.250.158,79.176.203.189,ICMP,25534,1169,0
2026-01-17 22:41:29.309632,105.143.16.177,36.60.117.115,TCP,17697,742,0
2025-12-22 16:51:29.309632,95.111.227.114,201.82.51.55,ICMP,37097,441,0
2026-01-16 04:12:29.309632,244.120.185.26,131.205.173.206,TCP,6571,769,0
2026-01-17 08:25:29.309632,252.188.183.16,141.26.82.100,UDP,9820,201,0
2025-12-27 05:47:29.309632,102.141.97.248,247.2.46.211,UDP,50275,241,0
2026-01-12 18:17:29.309632,32.232.46.170,38.241.222.23,TCP,6523,1035,0
2025-12-30 14:15:29.309632,55.10.25.202,17.134.113.95,TCP,20353,309,0
2025-12-26 21:20:29.309632,86.124.64.202,21.19.196.239,ICMP,30148,855,0
2026-01-09 11:46:29.309632,145.105.35.213,253.205.146.183,ICMP,35018,1334,0
2026-01-05 17:19:29.309632,196.106.110.209,247.29.89.164,TCP,24057,495,0
2025-12-31 17:43:29.309632,223.119.168.199,127.224.5.52,ICMP,16101,1315,0
2026-01-17 13:55:29.309632,38.1.141.220,218.146.99.9,TCP,39287,1056,0
2026-01-13 19:12:29.309632,252.74.66.139,201.118.86.173,ICMP,3713,335,0
2025-12-29 10:44:29.309632,65.89.56.170,10.184.122.168,TCP,31507,759,0
2026-01-03 05:04:29.309632,222.13.67.4,1.80.44.71,TCP,34588,377,0
2025-12-21 23:57:29.309632,92.121.165.5,200.204.180.172,ICMP,41723,918,0
2025-12-29 21:02:29.309632,45.135.26.33,102.207.102.133,TCP,23061,1116,0
2025-12-20 21:55:29.309632,190.215.58.191,4.35.46.141,TCP,28942,831,0
2026-01-02 19:25:29.309632,17.243.229.200,73.178.177.247,UDP,30583,256,0
2026-01-06 17:02:29.309632,93.55.231.129,209.141.115.156,TCP,31658,803,0
2025-12-31 15:18:29.309632,57.22.154.118,247.99.232.239,ICMP,29361,227,0
2025-12-22 11:09:29.309632,165.15.31.123,104.2.133.45,UDP,27818,419,0
2025-12-29 01:18:29.309632,217.205.218.176,105.54.37.129,ICMP,25102,532,0
2026-01-14 06:22:29.309632,28.251.227.19,76.174.59.206,UDP,53741,1104,0
2026-01-02 18:34:29.309632,231.41.164.156,132.131.128.178,ICMP,33623,1220,0
2025-12-29 03:06:29.309632,38.33.64.71,114.193.247.198,UDP,21793,54,0
2026-01-18 06:46:29.309632,160.166.195.153,63.173.234.175,ICMP,18909,104,0
2026-01-11 04:09:29.309632,136.150.232.130,118.14.246.30,TCP,26076,560,0
2026-01-06 11:00:29.309632,155.220.50.204,67.34.195.163,TCP,2636,1407,0
2026-01-17 17:01:29.309632,180.58.110.111,202.112.117.205,ICMP,12785,1192,0
2026-01-09 08:03:29.309632,116.116.211.87,81.211.180.133,UDP,29963,687,0
2025-12-25 22:55:29.309632,212.232.204.107,138.4.134.64,UDP,16338,1126,0
2025-12-31 12:11:29.309632,187.48.160.110,74.47.204.173,TCP,18424,1202,0
2025-12-25 19:22:29.309632,81.130.191.245,192.175.38.142,TCP,43310,632,0
2025-12-30 16:14:29.309632,40.242.34.24,239.91.243.81,TCP,5990,431,0
2026-01-14 00:01:29.309632,213.43.47.111,91.111.137.47,UDP,24550,458,0
2026-01-12 23:34:29.309632,25.190.66.143,243.97.255.189,UDP,60096,328,0
2025-12-31 09:51:29.309632,16.168.62.106,52.120.123.224,TCP,6418,418,0
2026-01-15 01:23:29.309632,91.216.26.248,68.105.117.52,TCP,20318,270,0
2026-01-07 22:49:29.309632,74.159.180.27,214.127.182.40,UDP,56237,1057,0
2026-01-15 00:14:29.309632,148.108.79.169,200.54.61.236,UDP,33900,80,0
2026-01-06 15:07:29.309632,124.114.55.90,21.252.3.196,UDP,34623,1091,0
2026-01-04 22:15:29.309632,217.188.58.196,220.21.246.96,ICMP,36842,174,0
2025-12-29 10:25:29.309632,72.115.219.217,159.161.252.230,TCP,43199,240,0
2025-12-25 17:57:29.309632,144.13.136.8,253.140.251.47,TCP,6139,819,0
2026-01-11 15:24:29.309632,47.139.158.236,253.143.203.57,UDP,52519,969,0
2026-01-10 21:55:29.309632,87.179.3.47,193.65.27.135,UDP,19132,1096,0
2025-12-23 14:09:29.309632,223.73.205.18,205.216.244.241,ICMP,61743,1111,0
2025-12-21 14:19:29.309632,37.15.46.192,139.16.177.101,UDP,15942,542,0
2025-12-24 10:37:29.309632,136.110.192.108,221.89.234.250,UDP,7466,446,0
2025-12-26 09:48:29.309632,117.174.80.95,31.235.161.177,ICMP,8788,844,0
2026-01-17 00:12:29.309632,80.166.43.227,3.6.107.98,ICMP,5692,138,0
2025-12-26 17:36:29.309632,14.79.80.194,149.51.166.93,TCP,24625,723,0
2026-01-07 15:58:29.309632,159.25.41.70,157.132.95.141,TCP,3525,765,0
2026-01-15 14:18:29.309632,114.217.248.156,68.121.137.121,ICMP,36801,1000,0
2025-12-22 08:15:29.309632,114.212.139.56,246.175.187.48,UDP,14144,652,0
2026-01-05 23:08:29.309632,194.58.176.111,128.217.107.108,TCP,22890,682,0
2026-01-05 19:41:29.309632,29.145.249.135,180.190.186.219,TCP,13904,1068,0
2026-01-15 13:44:29.309632,171.157.23.57,103.143.230.47,UDP,45260,1281,0
2026-01-09 18:06:29.309632,102.28.3.53,147.67.117.209,UDP,22594,542,0
2026-01-12 12:48:29.309632,78.108.70.196,26.138.120.143,UDP,17402,806,0
2025-12-30 21:28:29.309632,66.148.167.31,111.195.100.38,UDP,20855,437,0
2026-01-13 15:08:29.309632,2.254.220.45,205.76.242.207,ICMP,49855,910,0
2025-12-19 23:24:29.309632,34.194.117.129,3.90.215.128,ICMP,54465,834,0
2025-12-24 15:59:29.309632,144.181.36.102,35.161.249.77,UDP,51380,432,0
2026-01-12 21:22:29.309632,221.21.223.5,65.24.203.26,TCP,45813,246,0
2025-12-31 14:18:29.309632,118.39.160.148,177.83.30.56,UDP,56424,1078,0
2026-01-17 14:58:29.309632,110.207.213.75,209.130.243.215,TCP,19004,931,0
2026-01-03 22:25:29.309632,30.207.10.248,162.49.230.191,TCP,13510,903,0
2025-12-24 12:42:29.309632,84.87.235.213,86.133.184.93,ICMP,47261,782,0
2026-01-01 19:26:29.309632,177.185.45.112,144.131.176.6,ICMP,40602,1304,0
2026-01-08 05:44:29.309632,217.54.124.112,106.62.179.223,TCP,10052,603,0
2025-12-26 15:37:29.309632,151.205.40.102,174.101.89.251,TCP,57050,1060,0
2026-01-09 02:27:29.309632,223.158.173.57,200.145.181.84,UDP,50325,135,0
2025-12-19 14:24:29.309632,86.86.39.131,173.249.228.228,UDP,47952,524,0
2025-12-31 10:33:29.309632,163.58.99.232,21.195.146.119,UDP,49501,1470,0
2026-01-11 05:38:29.309632,199.178.179.187,162.74.85.164,TCP,36611,270,0
2025-12-27 14:00:29.309632,246.75.120.27,207.172.215.162,UDP,60810,788,0
2026-01-11 13:23:29.309632,38.131.101.45,157.207.36.21,TCP,18130,1234,0
2025-12-24 07:05:29.309632,155.78.38.46,42.175.116.81,UDP,1576,580,0
2026-01-16 21:51:29.309632,244.252.237.194,82.149.136.155,TCP,51484,1099,0
2026-01-02 00:50:29.309632,145.229.165.222,166.202.138.228,ICMP,20643,564,0
2026-01-17 12:46:29.309632,249.161.77.113,114.185.230.106,ICMP,19488,1223,0
2026-01-11 13:22:29.309632,18.240.226.162,43.94.11.33,TCP,54907,1306,0
2026-01-16 04:01:29.309632,78.140.28.91,187.120.128.241,ICMP,23733,1149,0
2025-12-28 12:07:29.309632,130.37.158.119,191.40.107.43,TCP,52340,617,0
2025-12-26 09:48:29.309632,116.19.29.95,102.52.48.17,ICMP,27481,721,0
2026-01-05 11:16:29.309632,213.146.39.166,240.242.27.7,ICMP,63001,596,0
2025-12-26 19:19:29.309632,222.46.196.119,198.203.42.27,ICMP,27608,1052,0
2026-01-13 00:00:29.309632,149.21.230.233,68.79.43.168,ICMP,54878,685,0
2026-01-12 14:09:29.309632,208.96.164.155,239.199.158.59,UDP,39024,835,0
2025-12-19 11:29:29.309632,122.77.31.116,64.145.226.161,UDP,50680,1091,0
2026-01-15 17:04:29.309632,27.175.43.130,33.67.87.8,UDP,43963,1403,0
2026-01-03 04:55:29.309632,166.88.20.64,9.182.166.222,ICMP,1796,1394,0
2026-01-10 16:33:29.309632,182.224.224.135,122.239.139.141,ICMP,31950,1411,0
2025-12-20 08:08:29.309632,134.81.186.96,114.69.90.152,ICMP,43883,1294,0
2025-12-24 13:03:29.309632,235.144.198.105,153.233.222.135,UDP,34613,229,0
2026-01-04 23:20:29.309632,199.173.26.203,164.158.177.124,ICMP,50900,1288,0
2026-01-02 10:45:29.309632,162.171.33.85,139.116.45.114,ICMP,63373,1448,0
2025-12-30 08:24:29.309632,25.197.145.65,79.187.211.67,UDP,10800,1440,0
2025-12-22 02:08:29.309632,186.76.170.21,40.155.5.1,UDP,57736,1346,0
2025-12-30 09:57:29.309632,150.72.179.80,134.69.176.74,TCP,27067,672,0
2026-01-14 06:34:29.309632,248.200.66.153,121.4.251.243,UDP,15931,667,0
2025-12-23 00:53:29.309632,182.43.158.144,194.244.153.3,ICMP,15888,1012,0
2025-12-23 08:25:29.309632,97.168.65.172,197.220.149.153,ICMP,48421,1322,0
2026-01-10 13:41:29.309632,180.47.216.131,60.3.191.49,TCP,50112,1422,0
2025-12-22 14:27:29.309632,93.9.185.80,106.223.202.64,ICMP,14771,749,0
2026-01-12 16:43:29.309632,47.109.174.243,42.199.193.57,UDP,32109,1474,0
2025-12-25 04:13:29.309632,197.248.98.58,68.40.216.161,UDP,16334,688,0
2025-12-25 07:06:29.309632,36.79.39.76,62.139.145.167,ICMP,34822,357,0
2026-01-10 02:00:29.309632,217.51.19.170,191.137.211.49,TCP,39486,1288,0
2026-01-13 11:23:29.309632,87.67.192.40,219.35.93.35,ICMP,52526,1297,0
2025-12-26 23:13:29.309632,42.92.84.185,75.56.233.159,ICMP,37233,723,0
2025-12-31 12:22:29.309632,113.22.210.94,116.139.251.49,ICMP,50668,703,0
2026-01-12 11:13:29.309632,174.121.227.157,83.9.77.13,ICMP,31736,1437,0
2026-01-16 01:25:29.309632,73.229.119.137,249.11.95.249,UDP,48367,1296,0
2026-01-07 17:02:29.309632,62.158.240.232,27.144.137.33,ICMP,54389,1176,0
2025-12-29 02:12:29.309632,214.99.188.174,184.224.4.60,UDP,31255,481,0
2026-01-12 23:55:29.309632,243.225.236.197,24.77.7.127,ICMP,23342,603,0
2025-12-28 14:34:29.309632,73.195.214.248,56.175.215.80,UDP,52915,1331,0
2026-01-02 15:20:29.309632,42.102.70.224,202.255.190.119,TCP,6644,1449,0
2026-01-06 14:40:29.309632,65.26.246.224,179.16.169.21,UDP,21534,1450,0
2026-01-18 00:42:29.309632,96.52.63.73,216.74.28.69,TCP,56447,1176,0
2026-01-05 10:44:29.309632,22.82.139.116,199.200.36.140,TCP,13327,991,0
2026-01-08 09:23:29.309632,232.75.223.24,121.92.98.230,ICMP,29118,1144,0
2026-01-12 00:11:29.309632,243.113.230.227,216.128.195.213,UDP,51488,738,0
2026-01-09 00:00:29.309632,90.13.212.14,4.62.127.99,UDP,62747,152,0
2025-12-24 23:02:29.309632,102.191.120.99,198.226.126.189,ICMP,46757,41,0
2025-12-30 17:38:29.309632,255.41.191.58,255.17.101.118,ICMP,28390,681,0
2025-12-29 16:17:29.309632,8.163.50.215,189.48.106.122,ICMP,14752,259,0
2025-12-22 08:48:29.309632,183.171.74.36,100.159.165.41,TCP,29766,894,0
2026-01-03 20:08:29.309632,10.146.241.179,162.21.62.65,ICMP,30506,1288,0
2025-12-20 09:50:29.309632,213.71.240.115,124.152.101.93,ICMP,56915,424,0
2026-01-15 05:27:29.309632,158.2.40.5,228.26.111.250,UDP,37615,1466,0
2026-01-13 15:53:29.309632,66.110.76.141,29.120.222.84,TCP,2989,1193,0
2025-12-29 22:12:29.309632,241.216.56.199,4.85.141.150,TCP,25573,1116,0
2026-01-15 05:36:29.309632,74.121.154.32,31.202.124.3,ICMP,10123,769,0
2025-12-29 11:24:29.309632,13.122.214.164,249.21.243.177,ICMP,38864,1479,0
2025-12-19 18:43:29.309632,204.234.32.29,153.79.190.198,UDP,58279,286,0
2025-12-22 16:24:29.309632,215.255.8.162,23.127.80.128,ICMP,9428,875,0
2026-01-17 04:11:29.309632,132.123.73.75,24.173.30.16,UDP,21042,242,0
2025-12-22 03:10:29.309632,110.0.180.62,92.78.54.33,ICMP,62840,1247,0
2025-12-29 20:55:29.309632,147.213.95.171,125.119.162.252,TCP,49369,162,0
2025-12-22 12:29:29.309632,172.43.184.18,143.177.224.188,TCP,1651,440,0
2025-12-20 21:10:29.309632,245.10.199.224,50.10.193.92,TCP,33771,806,0
2026-01-03 11:46:29.309632,121.22.198.252,186.68.128.231,ICMP,54127,333,0
2025-12-22 16:15:29.309632,96.129.8.92,11.248.224.144,ICMP,44195,319,0
2026-01-11 20:27:29.309632,202.34.176.62,76.250.97.146,UDP,55693,923,0
2025-12-30 06:49:29.309632,188.53.170.35,48.178.165.188,TCP,24260,237,0
2026-01-01 03:02:29.309632,12.180.173.209,120.140.82.18,UDP,23287,1021,0
2026-01-10 13:04:29.309632,165.89.237.252,136.79.230.76,ICMP,15794,791,0
2025-12-29 04:52:29.309632,179.245.93.208,210.134.187.117,UDP,28486,183,0
2026-01-12 23:51:29.309632,35.32.234.10,1.194.94.227,ICMP,28916,648,0
2025-12-25 11:23:29.309632,76.103.22.203,5.186.122.83,TCP,45959,1264,0
2026-01-14 10:35:29.309632,52.21.161.239,185.32.198.49,ICMP,50341,1187,0
2026-01-14 16:14:29.309632,80.203.242.65,135.254.78.157,TCP,27452,226,0
2026-01-09 23:08:29.309632,10.97.146.92,73.165.209.165,UDP,51010,1389,0
2025-12-30 12:17:29.309632,221.24.169.70,83.56.49.134,UDP,52046,503,0
2026-01-09 23:28:29.309632,32.188.223.228,169.34.22.214,ICMP,46270,1412,0
2026-01-06 23:29:29.309632,103.225.197.87,241.66.91.224,ICMP,36249,699,0
2025-12-28 02:50:29.309632,250.95.254.178,9.103.54.125,UDP,20654,803,0
2025-12-23 17:53:29.309632,128.188.136.206,50.50.16.147,TCP,22386,994,0
2025-12-23 20:44:29.309632,22.217.40.111,165.198.250.135,TCP,39483,442,0
2026-01-18 10:39:29.309632,155.92.150.83,160.131.25.94,ICMP,2540,1409,0
2026-01-08 01:41:29.309632,27.40.167.170,57.36.6.239,TCP,38213,186,0
2026-01-04 13:51:29.309632,76.156.228.155,236.106.251.238,UDP,52486,1211,0
2026-01-07 17:31:29.309632,184.218.85.177,228.40.239.206,UDP,3127,903,0
2026-01-07 03:53:29.309632,114.179.228.11,164.31.184.143,ICMP,61450,528,0
2026-01-09 16:58:29.309632,187.180.222.71,191.212.188.204,ICMP,10135,968,0
2025-12-21 22:02:29.309632,164.29.38.172,182.29.136.136,TCP,11089,590,0
2026-01-18 04:36:29.309632,164.207.186.132,11.36.155.20,UDP,65061,377,0
2026-01-17 20:40:29.309632,206.81.15.37,242.110.49.26,UDP,63449,911,0
2025-12-23 22:21:29.309632,218.224.17.33,186.118.197.49,TCP,22660,680,0
2025-12-22 05:04:29.309632,18.120.187.93,50.127.91.143,ICMP,38253,512,0
2026-01-06 18:38:29.309632,99.16.78.174,192.212.54.197,ICMP,42294,190,0
2026-01-03 21:28:29.309632,116.189.190.114,164.183.234.180,ICMP,53389,1478,0
2025-12-24 10:13:29.309632,196.39.70.136,171.218.53.43,ICMP,40535,1361,0
2025-12-30 18:27:29.309632,94.203.160.167,203.92.205.130,ICMP,60900,302,0
2025-12-28 04:08:29.309632,72.127.58.7,87.80.226.239,ICMP,40852,183,0
2025-12-28 02:37:29.309632,189.95.255.133,91.161.166.217,ICMP,38626,385,0
2026-01-12 20:38:29.309632,100.60.134.199,96.211.220.212,ICMP,57833,663,0
2026-01-08 20:52:29.309632,67.228.109.157,186.165.123.145,TCP,26634,1056,0
2025-12-25 19:58:29.309632,74.251.102.32,140.109.192.197,UDP,65253,920,0
2026-01-07 15:40:29.309632,35.37.231.45,141.130.184.247,UDP,26007,41,0
2025-12-27 19:17:29.309632,231.227.44.208,116.229.203.1,UDP,14399,936,0
2026-01-01 03:06:29.309632,175.163.177.182,186.17.145.153,ICMP,63190,1367,0
2026-01-09 12:10:29.309632,17.148.153.218,5.69.154.2,ICMP,26617,293,0
2025-12-30 19:43:29.309632,41.89.185.131,77.113.109.220,ICMP,5192,492,0
2025-12-22 21:12:29.309632,58.62.102.203,81.11.141.236,ICMP,36045,1100,0
2026-01-08 14:53:29.309632,36.121.252.7,142.79.48.10,TCP,26342,1223,0
2026-01-13 11:58:29.309632,93.188.239.206,118.182.79.36,ICMP,13359,1054,0
2025-12-23 21:48:29.309632,252.66.44.17,68.187.127.60,UDP,32132,48,0
2025-12-21 18:07:29.309632,80.203.245.135,66.153.47.147,ICMP,8136,1296,0
2026-01-18 03:10:29.309632,106.209.37.33,103.111.39.186,ICMP,22567,1162,0
2026-01-13 01:19:29.309632,249.162.37.116,84.247.88.125,TCP,38340,855,0
2025-12-20 02:59:29.309632,120.176.65.225,212.48.153.10,TCP,64058,247,0
2025-12-23 16:44:29.309632,213.93.66.111,188.195.40.200,UDP,30608,1194,0
2025-12-30 05:03:29.309632,129.28.63.133,15.171.178.226,ICMP,42894,443,0
2025-12-27 00:31:29.309632,40.155.84.42,210.222.213.239,ICMP,59654,191,0
2026-01-06 22:46:29.309632,83.115.177.243,223.61.116.192,TCP,20982,93,0
2026-01-10 13:18:29.309632,241.145.40.65,168.5.195.14,UDP,7127,1183,0
2026-01-10 08:38:29.309632,51.140.64.161,79.21.163.139,UDP,12251,667,0
2025-12-29 04:20:29.309632,78.47.86.152,145.76.167.129,TCP,7853,626,0
2026-01-06 16:54:29.309632,242.78.87.169,179.113.78.13,TCP,45246,1483,0
2025-12-22 02:54:29.309632,160.172.21.212,173.201.228.193,ICMP,37252,1485,0
2025-12-26 22:41:29.309632,222.14.41.12,153.46.113.111,UDP,12658,143,0
2026-01-05 16:48:29.309632,243.135.107.197,75.201.75.34,UDP,3118,293,0
2025-12-19 13:13:29.309632,147.213.15.128,87.42.243.147,TCP,55180,1290,0
2026-01-06 05:18:29.309632,228.148.154.124,191.25.204.68,TCP,46172,1175,0
2025-12-31 12:32:29.309632,63.207.152.117,22.204.222.199,TCP,40559,549,0
2026-01-09 03:51:29.309632,19.30.80.113,179.66.69.124,UDP,33038,138,0
2026-01-01 10:26:29.309632,107.247.237.53,144.101.249.102,TCP,2775,192,0
2026-01-07 16:54:29.309632,88.73.160.221,167.100.126.63,UDP,13252,953,0
2026-01-13 17:54:29.309632,184.163.176.250,19.136.220.83,TCP,14058,917,0
2026-01-10 14:26:29.309632,103.66.189.132,176.45.57.172,UDP,5571,377,0
2025-12-26 11:56:29.309632,144.54.163.62,106.216.187.90,TCP,60742,861,0
2025-12-28 02:17:29.309632,120.62.136.116,49.164.176.153,UDP,64127,1226,0
2026-01-01 22:57:29.309632,64.72.49.13,168.12.156.44,ICMP,26306,996,0
2025-12-29 08:39:29.309632,75.196.214.64,253.179.226.160,ICMP,19617,200,0
2025-12-22 02:44:29.309632,247.81.167.240,38.225.22.237,UDP,14510,840,0
2026-01-14 19:29:29.309632,148.160.97.196,210.119.102.176,ICMP,16289,437,0
2026-01-13 03:05:29.309632,41.255.239.128,96.79.43.29,ICMP,20094,1340,0
2025-12-22 05:26:29.309632,226.157.254.6,190.27.124.243,ICMP,44242,855,0
2026-01-02 17:24:29.309632,24.201.234.248,159.75.147.4,UDP,35383,1455,0
2025-12-22 01:18:29.309632,62.110.180.13,88.56.156.116,UDP,5603,1198,0
2025-12-21 17:38:29.309632,13.144.253.153,121.11.169.54,ICMP,30813,1258,0
2026-01-15 00:56:29.309632,226.240.146.138,190.108.104.140,UDP,4782,440,0
2026-01-10 03:38:29.309632,3.55.220.35,134.132.247.160,ICMP,25176,679,0
2026-01-11 08:06:29.309632,226.135.187.196,187.72.9.97,UDP,34999,1096,0
2026-01-12 14:59:29.309632,104.187.23.103,150.22.130.44,UDP,1740,727,0
2025-12-26 14:49:29.309632,14.99.185.142,16.145.102.203,ICMP,12277,499,0
2025-12-22 00:59:29.309632,74.37.197.130,179.138.27.120,UDP,22432,994,0
2026-01-11 13:33:29.309632,116.143.60.33,168.4.34.100,ICMP,57358,509,0
2025-12-23 02:22:29.309632,250.49.201.96,170.138.184.222,UDP,60642,1438,0
2025-12-27 21:50:29.309632,204.173.187.194,28.9.149.223,TCP,27943,1085,0
2025-12-22 13:42:29.309632,37.101.205.129,227.197.118.251,TCP,26648,789,0
2026-01-15 12:48:29.309632,11.23.19.36,98.50.161.125,ICMP,11308,77,0
2025-12-22 13:05:29.309632,183.170.242.133,222.45.95.51,TCP,8274,269,0
2025-12-30 03:46:29.309632,117.76.71.84,129.234.11.11,UDP,9480,1428,0
2026-01-06 19:53:29.309632,239.163.83.101,64.156.170.126,ICMP,36173,602,0
2025-12-24 21:48:29.309632,254.153.172.130,101.80.9.89,UDP,28438,477,0
2026-01-14 09:06:29.309632,213.250.153.122,176.180.181.161,TCP,32359,1346,0
2025-12-30 15:47:29.309632,209.8.188.85,78.120.141.208,ICMP,49719,66,0
2026-01-14 19:12:29.309632,173.56.213.150,16.131.198.228,ICMP,5523,265,0
2026-01-15 12:14:29.309632,79.13.242.68,209.15.143.58,ICMP,26510,1340,0
2025-12-21 06:16:29.309632,248.116.26.150,39.174.201.169,TCP,63610,837,0
2026-01-16 15:23:29.309632,123.87.194.38,36.44.195.134,ICMP,60234,323,0
2025-12-23 04:24:29.309632,211.124.16.147,246.116.213.62,TCP,57751,918,0
2026-01-07 12:46:29.309632,243.56.97.5,147.78.218.249,UDP,14548,999,0
2026-01-18 08:53:29.309632,113.160.214.39,80.168.229.139,UDP,9532,492,0
2026-01-15 00:23:29.309632,106.104.210.129,34.105.70.149,TCP,58062,1059,0
2026-01-14 04:14:29.309632,199.241.31.181,139.103.70.80,ICMP,14496,855,0
2026-01-12 05:53:29.309632,36.106.166.170,177.69.220.233,TCP,21317,698,0
2026-01-02 20:25:29.309632,123.192.160.245,250.74.80.82,ICMP,29341,586,0
2025-12-31 07:41:29.309632,45.235.175.140,18.60.94.82,UDP,54618,1255,0
2025-12-28 17:58:29.309632,91.135.247.50,215.74.15.196,TCP,47526,1112,0
2026-01-02 18:02:29.309632,246.126.142.143,82.211.210.78,ICMP,44584,56,0
2025-12-30 07:34:29.309632,77.115.152.198,114.140.77.200,UDP,32132,1235,0
2025-12-31 12:59:29.309632,74.106.250.82,49.54.67.48,TCP,11422,1283,0
2026-01-06 11:10:29.309632,123.178.140.74,7.136.118.153,TCP,40581,197,0
2025-12-25 09:49:29.309632,32.194.202.210,60.118.13.92,UDP,38706,516,0
2026-01-17 19:55:29.309632,89.74.148.11,21.244.68.129,ICMP,62565,1109,0
2026-01-02 02:32:29.309632,74.40.177.237,217.240.191.48,UDP,21353,1436,0
2026-01-09 06:16:29.309632,114.131.245.55,219.198.251.122,TCP,39518,557,0
2026-01-02 20:12:29.309632,52.138.139.36,36.83.98.58,ICMP,14319,138,0
2025-12-22 18:06:29.309632,28.122.124.13,9.209.7.237,TCP,33947,1100,0
2025-12-19 21:02:29.309632,172.115.119.14,70.211.113.191,TCP,47991,319,0
2026-01-09 07:26:29.309632,26.211.169.184,172.103.104.17,UDP,45898,1412,0
2026-01-16 17:20:29.309632,121.51.70.2,46.224.250.177,UDP,31095,536,0
2026-01-14 01:48:29.309632,247.80.208.168,84.234.126.110,UDP,19068,341,0
2025-12-24 00:04:29.309632,240.243.244.167,104.21.194.185,UDP,14235,220,0
2025-12-22 18:53:29.309632,52.147.164.74,81.201.19.134,UDP,1504,646,0
2026-01-12 22:06:29.309632,166.30.45.167,28.231.233.212,UDP,10368,1162,0
2025-12-29 03:41:29.309632,147.118.19.234,225.21.125.133,TCP,30228,739,0
2026-01-11 11:25:29.309632,236.89.213.226,138.202.20.143,TCP,5209,1032,0
2025-12-31 12:32:29.309632,215.90.18.215,100.25.97.75,TCP,55056,1179,0
2025-12-25 11:32:29.309632,102.253.95.240,113.203.155.199,ICMP,27181,230,0
2026-01-04 08:04:29.309632,192.148.19.3,212.146.236.43,UDP,40656,292,0
2025-12-22 14:00:29.309632,77.54.171.73,109.150.27.177,TCP,53941,1020,0
2025-12-30 13:41:29.309632,117.252.68.218,133.72.237.213,UDP,17193,967,0
2026-01-05 06:29:29.309632,130.239.139.50,166.231.46.185,UDP,35479,1224,0
2026-01-01 10:08:29.309632,208.57.169.42,129.57.92.200,TCP,22571,1319,0
2025-12-26 15:10:29.309632,188.234.131.184,150.69.201.106,TCP,60674,1386,0
2026-01-08 09:28:29.309632,48.7.172.203,83.230.12.46,ICMP,38321,167,0
2026-01-13 04:12:29.309632,76.98.89.157,117.103.232.24,UDP,58638,57,0
2026-01-02 05:17:29.309632,220.207.218.132,65.165.83.184,TCP,33192,605,0
2026-01-16 06:58:29.309632,84.44.205.172,188.63.46.30,TCP,31176,609,0
2026-01-18 05:10:29.309632,25.94.71.123,181.230.185.22,ICMP,31340,1386,0
2026-01-12 12:36:29.309632,83.127.3.67,135.196.81.97,UDP,38774,725,0
2025-12-19 19:24:29.309632,99.120.228.193,141.194.22.197,TCP,3578,665,0
2026-01-13 16:38:29.309632,69.168.154.150,44.171.76.42,TCP,49336,1351,0
2026-01-02 01:52:29.309632,186.5.133.168,223.74.91.197,UDP,6987,893,0
2025-12-24 04:00:29.309632,93.120.31.171,183.26.214.79,UDP,19885,1001,0
2025-12-25 13:32:29.309632,31.238.157.41,80.228.147.161,ICMP,43372,194,0
2025-12-31 11:44:29.309632,104.159.60.164,47.60.67.246,UDP,58753,529,0
2025-12-24 16:56:29.309632,235.151.188.158,52.1.129.4,ICMP,61237,1449,0
2025-12-24 07:46:29.309632,57.112.68.123,118.254.255.140,UDP,30921,824,0
2026-01-13 15:08:29.309632,40.232.191.107,207.2.252.61,UDP,23743,1167,0
2025-12-26 12:39:29.309632,180.241.111.196,56.243.232.105,UDP,46912,1456,0
2025-12-31 20:20:29.309632,64.41.228.136,114.40.3.63,UDP,56240,285,0
2026-01-01 06:37:29.309632,181.185.39.235,226.142.106.13,ICMP,47655,1239,0
2026-01-15 23:30:29.309632,145.57.31.213,48.75.28.168,ICMP,52944,1102,0
2025-12-29 00:55:29.309632,141.103.76.43,90.18.74.219,TCP,20510,798,0
2026-01-04 01:23:29.309632,84.226.59.175,9.152.169.236,TCP,26647,577,0
2025-12-28 17:14:29.309632,53.250.46.231,23.25.55.107,ICMP,41192,960,0
2026-01-17 07:37:29.309632,131.228.28.117,255.91.82.173,ICMP,54981,447,0
2025-12-31 11:12:29.309632,34.212.233.145,73.90.233.192,UDP,54100,564,0
2026-01-11 10:54:29.309632,15.236.157.186,149.184.18.24,UDP,56712,867,0
2026-01-10 16:28:29.309632,6.202.130.210,197.153.165.95,ICMP,12494,942,0
2025-12-30 21:09:29.309632,1.111.37.12,230.194.34.195,UDP,28217,75,0
2025-12-21 18:21:29.309632,109.176.32.139,110.33.149.121,TCP,17344,724,0
2025-12-23 15:40:29.309632,255.30.35.253,35.62.140.85,ICMP,12785,59,0
2026-01-17 07:40:29.309632,240.241.16.74,135.211.107.179,UDP,59997,360,0
2026-01-07 17:31:29.309632,105.92.69.197,54.29.55.147,TCP,41500,551,0
2026-01-01 01:04:29.309632,165.215.191.229,187.44.247.186,ICMP,49070,439,0
2025-12-21 11:01:29.309632,98.229.193.97,177.147.218.156,ICMP,29333,693,0
2025-12-19 14:44:29.309632,21.68.178.31,218.162.132.135,ICMP,31021,1011,0
2026-01-03 15:11:29.309632,46.201.65.187,148.181.66.158,UDP,26226,510,0
2025-12-25 09:45:29.309632,251.114.1.194,145.254.254.127,UDP,60709,1206,0
2026-01-17 10:45:29.309632,6.152.237.173,207.92.119.182,TCP,44210,1155,0
2025-12-31 08:59:29.309632,185.217.194.211,75.99.0.31,UDP,13039,1417,0
2025-12-26 19:21:29.309632,59.126.235.89,7.238.60.189,UDP,46795,873,0
2026-01-08 13:28:29.309632,40.141.96.240,218.106.212.106,ICMP,38281,766,0
2026-01-13 13:26:29.309632,225.57.16.208,12.170.179.144,TCP,7277,893,0
2026-01-07 22:00:29.309632,170.214.8.62,207.108.5.164,ICMP,26808,90,0
2026-01-13 23:31:29.309632,53.34.51.153,52.144.130.203,UDP,46803,614,0
2025-12-19 21:25:29.309632,9.228.24.63,18.157.153.130,ICMP,62993,1253,0
2025-12-24 13:03:29.309632,190.22.205.113,141.165.3.30,UDP,3878,1188,0
2025-12-22 21:03:29.309632,60.111.28.36,176.170.174.102,ICMP,16725,189,0
2025-12-26 05:40:29.309632,129.148.119.209,186.14.89.50,TCP,59051,353,0
2026-01-13 06:47:29.309632,235.163.164.61,85.173.245.235,TCP,58068,609,0
2025-12-21 02:13:29.309632,78.73.113.106,122.18.69.124,ICMP,11367,1405,0
2026-01-05 06:08:29.309632,77.140.31.143,40.235.171.119,TCP,18959,344,0
2026-01-14 23:07:29.309632,243.89.218.143,201.211.28.214,ICMP,58856,721,0
2026-01-13 14:22:29.309632,127.24.176.242,134.153.161.143,ICMP,42179,877,0
2025-12-26 04:37:29.309632,165.195.163.179,138.9.106.148,ICMP,36258,1117,0
2026-01-08 00:18:29.309632,107.209.76.77,176.169.181.17,UDP,20146,1042,0
2025-12-25 06:04:29.309632,97.94.242.62,249.76.143.216,ICMP,44707,483,0
2025-12-21 08:33:29.309632,218.115.153.220,8.173.192.161,ICMP,61067,652,0
2026-01-02 11:34:29.309632,182.73.237.235,137.84.199.48,TCP,5391,1032,0
2026-01-05 01:09:29.309632,15.211.213.143,153.59.157.181,ICMP,46764,303,0
2025-12-21 06:26:29.309632,136.68.198.63,220.161.16.70,ICMP,48631,1116,0
2026-01-04 17:41:29.309632,66.104.169.166,106.44.254.225,TCP,48360,1043,0
2025-12-29 00:19:29.309632,21.230.189.24,61.190.231.213,TCP,60145,44,0
2025-12-30 19:25:29.309632,138.97.26.69,244.154.110.135,ICMP,15255,1166,0
2025-12-24 03:08:29.309632,97.20.37.49,78.89.57.96,ICMP,60571,1259,0
2026-01-04 13:10:29.309632,206.111.245.54,201.19.103.234,ICMP,33358,813,0
2026-01-13 22:24:29.309632,223.170.155.245,24.227.12.205,TCP,27970,916,0
2026-01-06 22:44:29.309632,233.7.108.240,124.78.97.88,ICMP,50946,1031,0
2026-01-16 16:47:29.309632,49.60.245.235,237.247.158.199,ICMP,37246,923,0
2025-12-26 11:40:29.309632,63.104.203.235,84.73.50.211,TCP,8961,1413,0
2025-12-30 05:26:29.309632,62.164.144.98,252.67.105.186,UDP,25182,86,0
2025-12-26 20:21:29.309632,120.183.157.67,10.235.198.183,ICMP,6032,906,0
2025-12-27 12:15:29.309632,93.254.238.26,222.59.2.80,TCP,50522,862,0
2026-01-07 05:12:29.309632,206.240.163.235,239.22.44.86,TCP,7912,975,0
2025-12-20 13:56:29.309632,53.189.160.106,120.23.52.134,ICMP,34073,695,0
2025-12-27 14:46:29.309632,12.113.74.5,197.159.11.148,ICMP,51252,308,0
2026-01-03 13:42:29.309632,67.213.151.40,195.159.107.83,TCP,52103,409,0
2026-01-07 04:34:29.309632,51.168.117.98,52.98.146.71,TCP,22382,675,0
2025-12-30 17:55:29.309632,146.125.255.141,137.163.225.172,UDP,27893,1169,0
2025-12-31 14:17:29.309632,168.172.131.196,31.139.76.41,TCP,30569,696,0
2025-12-26 16:45:29.309632,211.250.251.118,71.58.7.246,TCP,11819,159,0
2025-12-24 08:56:29.309632,44.180.86.36,160.52.105.139,ICMP,17582,870,0
2026-01-05 20:42:29.309632,185.250.94.235,90.163.138.37,ICMP,14607,1121,0
2025-12-21 05:09:29.309632,228.30.17.215,242.145.125.44,UDP,34182,1409,0
2026-01-09 20:59:29.309632,217.38.24.196,19.159.173.139,TCP,3942,780,0
2025-12-29 13:49:29.309632,2.211.70.216,114.25.66.8,ICMP,31305,156,0
2025-12-28 12:51:29.309632,162.118.34.182,121.25.54.99,ICMP,2767,830,0
2026-01-09 09:38:29.309632,39.4.111.130,14.44.218.101,UDP,5813,1190,0
2026-01-04 08:47:29.309632,117.191.30.159,46.228.182.80,UDP,42885,1456,0
2026-01-02 08:12:29.309632,164.247.249.5,86.101.40.250,ICMP,46530,1052,0
2025-12-29 19:27:29.309632,2.210.6.5,237.238.67.24,TCP,45294,1121,0
2025-12-29 14:21:29.309632,136.140.146.5,209.239.49.117,UDP,50151,673,0
2025-12-20 12:42:29.309632,129.220.91.28,80.238.240.60,TCP,31288,552,0
2025-12-28 05:48:29.309632,236.49.76.62,243.114.73.221,UDP,25996,841,0
2026-01-06 14:05:29.309632,50.129.181.69,230.132.186.101,UDP,23538,1159,0
2026-01-03 09:24:29.309632,204.203.40.96,47.169.166.117,TCP,49904,1181,0
2026-01-01 03:10:29.309632,246.207.235.145,125.15.33.122,UDP,27188,599,0
2025-12-22 14:41:29.309632,63.115.153.176,29.179.245.119,TCP,57100,527,0
2026-01-01 03:44:29.309632,212.41.16.24,217.87.144.197,ICMP,13757,1300,0
2026-01-04 10:24:29.309632,104.194.193.142,90.65.52.104,UDP,27013,936,0
2026-01-17 15:32:29.309632,122.28.4.180,210.54.166.143,UDP,3492,1335,0
2026-01-11 15:16:29.309632,44.42.255.217,167.36.154.137,UDP,1720,1252,0
2026-01-06 15:25:29.309632,112.169.48.230,119.205.211.62,TCP,17440,743,0
2026-01-12 20:33:29.309632,136.21.117.55,159.124.81.250,TCP,8532,620,0
2026-01-03 12:34:29.309632,231.243.138.12,124.196.33.88,TCP,47488,829,0
2025-12-20 17:00:29.309632,237.38.143.231,54.220.222.146,ICMP,61122,900,0
2025-12-24 16:51:29.309632,140.16.91.238,202.175.120.45,TCP,9961,286,0
2025-12-31 08:10:29.309632,218.161.8.247,170.39.249.30,UDP,22454,1139,0
2025-12-27 13:54:29.309632,54.73.203.238,152.237.166.143,TCP,44945,193,0
2026-01-14 21:01:29.309632,20.153.83.145,25.227.90.79,TCP,50082,1498,0
2025-12-31 12:49:29.309632,62.199.169.99,245.207.35.154,UDP,31441,1036,0
2025-12-21 04:39:29.309632,194.71.40.129,28.194.167.127,TCP,32786,1149,0
2025-12-24 09:16:29.309632,191.177.27.26,166.31.46.56,TCP,31252,736,0
2026-01-15 14:28:29.309632,112.118.38.88,210.71.0.194,UDP,5488,1348,0
2026-01-08 05:31:29.309632,155.203.167.8,38.76.231.137,UDP,6426,1283,0
2026-01-04 04:26:29.309632,163.139.230.126,75.199.228.51,ICMP,36958,1132,0
2026-01-02 17:29:29.309632,59.182.192.111,53.162.153.146,TCP,44075,1110,0
2026-01-08 07:31:29.309632,48.194.43.198,204.155.222.184,TCP,16895,1048,0
2026-01-16 01:00:29.309632,159.151.126.183,252.176.45.150,ICMP,47782,133,0
2026-01-11 17:28:29.309632,19.42.137.40,3.206.65.219,UDP,63277,997,0
2025-12-24 17:10:29.309632,98.78.199.82,76.31.189.231,TCP,29703,1051,0
2026-01-05 23:36:29.309632,93.54.46.2,141.27.0.181,TCP,10208,492,0
2026-01-14 16:39:29.309632,242.157.227.93,144.183.56.221,ICMP,31870,1267,0
2025-12-28 02:29:29.309632,195.138.52.34,73.15.120.111,TCP,54784,951,0
2025-12-31 01:05:29.309632,23.95.220.115,180.201.162.183,UDP,19310,257,0
2025-12-21 11:20:29.309632,143.208.52.7,98.207.195.112,UDP,56169,513,0
2026-01-08 07:09:29.309632,23.181.47.153,140.108.88.122,TCP,11592,471,0
2025-12-19 12:42:29.309632,154.166.197.4,36.96.196.216,UDP,12196,380,0
2026-01-12 02:45:29.309632,75.211.198.200,237.184.213.40,TCP,55968,590,0
2026-01-12 22:59:29.309632,22.124.86.176,74.64.68.3,UDP,2200,1352,0
2025-12-28 10:04:29.309632,98.86.71.69,19.8.73.185,UDP,40796,1317,0
2026-01-05 00:41:29.309632,78.137.252.38,227.249.223.250,UDP,7604,396,0
2026-01-08 01:57:29.309632,17.85.222.71,254.69.43.36,UDP,12632,62,0
2025-12-22 15:17:29.309632,108.153.247.201,165.212.233.229,TCP,20294,561,0
2026-01-03 11:31:29.309632,20.184.128.242,202.217.92.117,TCP,9153,1163,0
2026-01-16 19:31:29.309632,64.253.100.118,131.217.230.99,TCP,36056,841,0
2026-01-02 17:44:29.309632,28.69.155.2,91.115.95.109,TCP,49608,1243,0
2025-12-25 02:59:29.309632,243.202.170.216,155.3.255.217,ICMP,26631,1286,0
2026-01-02 02:53:29.309632,159.194.168.113,188.121.137.106,ICMP,12056,801,0
2026-01-11 12:46:29.309632,86.220.69.77,238.187.17.251,TCP,6101,481,0
2026-01-02 12:41:29.309632,83.102.245.81,10.247.188.29,UDP,45017,808,0
2026-01-07 00:56:29.309632,46.203.163.75,149.246.40.37,ICMP,51059,1055,0
2026-01-03 07:08:29.309632,189.251.124.84,187.143.238.133,ICMP,1751,1388,0
2026-01-06 18:23:29.309632,97.143.201.94,21.45.125.121,UDP,45409,555,0
2026-01-01 21:48:29.309632,30.102.92.175,162.39.159.157,TCP,18924,1079,0
2026-01-13 16:25:29.309632,197.13.236.242,14.175.5.121,UDP,11076,831,0
2025-12-25 05:53:29.309632,182.107.224.205,117.240.169.108,TCP,29895,375,0
2025-12-28 04:24:29.309632,75.35.209.173,91.150.148.43,UDP,24484,297,0
2026-01-07 14:06:29.309632,128.71.155.62,10.155.133.16,UDP,12678,536,0
2026-01-05 16:59:29.309632,65.78.216.203,162.242.86.147,ICMP,15216,935,0
2025-12-27 08:57:29.309632,97.37.229.254,14.149.13.74,UDP,47836,199,0
2026-01-16 11:10:29.309632,154.245.205.137,125.42.64.130,TCP,3274,891,0
2026-01-14 08:28:29.309632,130.214.18.203,20.142.129.34,UDP,59520,729,0
2026-01-02 03:35:29.309632,248.184.43.28,158.143.140.220,TCP,45256,419,0
2026-01-06 22:24:29.309632,197.127.181.43,66.7.57.155,UDP,35901,996,0
2026-01-13 09:21:29.309632,166.22.204.248,45.77.228.95,ICMP,15183,730,0
2025-12-19 11:18:29.309632,193.169.220.28,207.89.133.201,TCP,29987,1490,0
2026-01-02 06:46:29.309632,3.50.132.57,180.120.248.47,TCP,46678,1331,0
2026-01-01 12:15:29.309632,131.113.228.96,205.16.175.252,UDP,4146,1480,0
2025-12-29 00:26:29.309632,101.237.77.89,22.74.78.215,ICMP,55837,1231,0
2026-01-08 00:25:29.309632,7.247.53.76,127.211.196.61,ICMP,42618,1106,0
2026-01-14 20:21:29.309632,107.43.59.213,170.225.85.54,ICMP,54200,324,0
2026-01-16 01:30:29.309632,241.72.178.80,148.176.27.165,TCP,35284,436,0
2026-01-18 05:58:29.309632,88.233.105.134,68.59.26.43,TCP,43026,51,0
2026-01-03 02:50:29.309632,124.178.243.25,119.204.243.78,ICMP,44437,1365,0
2026-01-09 14:45:29.309632,113.231.163.18,122.119.194.175,ICMP,47967,1316,0
2026-01-08 13:24:29.309632,77.22.58.6,181.199.242.68,TCP,44273,538,0
2026-01-08 13:49:29.309632,218.175.55.174,38.222.6.74,UDP,59803,793,0
2025-12-29 04:17:29.309632,205.84.124.133,238.229.195.174,ICMP,7753,74,0
2026-01-11 17:12:29.309632,45.81.169.144,81.21.49.235,UDP,26616,766,0
2026-01-09 23:42:29.309632,110.236.118.205,137.181.221.157,UDP,46259,888,0
2025-12-27 04:12:29.309632,104.94.95.164,236.139.171.70,TCP,21223,129,0
2026-01-18 10:30:29.309632,169.221.202.8,69.50.130.168,ICMP,30114,815,0
2025-12-23 07:29:29.309632,189.101.230.152,150.200.236.198,ICMP,4452,644,0
2026-01-01 08:50:29.309632,110.199.2.181,173.123.99.134,TCP,40220,1009,0
2026-01-11 21:52:29.309632,55.105.142.193,87.92.160.141,TCP,1322,1061,0
2026-01-17 06:12:29.309632,181.32.52.205,3.4.34.4,UDP,4206,457,0
2026-01-16 15:15:29.309632,224.95.187.84,106.50.53.176,ICMP,51637,154,0
2026-01-03 16:58:29.309632,51.234.58.68,115.179.112.186,TCP,25749,656,0
2025-12-23 16:52:29.309632,172.250.160.153,73.128.98.9,TCP,51290,1259,0
2025-12-30 03:24:29.309632,100.200.58.90,7.47.29.241,ICMP,14238,865,0
2026-01-02 13:55:29.309632,91.234.88.209,153.111.62.182,UDP,61888,1138,0
2025-12-29 16:14:29.309632,173.152.43.173,246.61.44.220,ICMP,17381,452,0
2025-12-28 12:22:29.309632,35.160.60.62,155.66.192.169,UDP,25569,1439,0
2025-12-26 03:48:29.309632,79.59.93.96,196.94.56.179,TCP,60573,1483,0
2025-12-20 13:32:29.309632,178.72.198.108,48.129.150.120,TCP,16649,768,0
2025-12-21 13:20:29.309632,153.70.196.109,170.38.232.237,UDP,14123,1340,0
2025-12-30 14:18:29.309632,48.249.88.143,255.141.218.178,ICMP,7006,1060,0
2026-01-10 01:50:29.309632,43.250.147.36,232.165.131.42,UDP,2068,800,0
2026-01-16 06:32:29.309632,48.161.230.159,200.37.141.199,ICMP,28652,715,0
2025-12-22 18:24:29.309632,14.183.4.125,16.195.198.86,TCP,2848,1457,0
2026-01-09 04:18:29.309632,35.99.196.247,255.30.132.245,TCP,1971,496,0
2026-01-07 07:32:29.309632,144.253.209.176,209.135.91.113,TCP,23110,959,0
2026-01-17 02:44:29.309632,126.212.227.126,18.251.102.157,UDP,54791,231,0
2026-01-14 15:39:29.309632,43.42.15.204,101.91.251.28,UDP,13609,778,0
2025-12-28 07:14:29.309632,195.112.149.9,37.220.111.158,ICMP,45578,1162,0
2026-01-05 22:16:29.309632,71.115.147.44,165.54.226.184,UDP,44857,1017,0
2026-01-10 22:51:29.309632,200.234.253.141,67.52.17.19,ICMP,5157,1048,0
2026-01-06 15:23:29.309632,131.57.58.69,19.128.228.5,UDP,15472,135,0
2025-12-30 13:21:29.309632,199.187.21.195,230.254.76.168,UDP,63849,702,0
2025-12-26 04:03:29.309632,185.225.111.254,164.0.19.171,ICMP,58838,1253,0
2026-01-18 07:27:29.309632,109.52.126.77,100.136.77.180,TCP,7347,76,0
2025-12-19 16:55:29.309632,224.16.230.68,85.200.1.132,ICMP,53244,1432,0
2025-12-24 07:17:29.309632,90.44.224.222,182.251.244.112,ICMP,55764,318,0
2026-01-07 19:14:29.309632,255.60.121.54,104.35.115.1,UDP,55441,256,0
2025-12-29 09:53:29.309632,208.179.219.43,99.246.62.146,TCP,44540,906,0
2025-12-27 10:58:29.309632,158.71.105.209,138.183.170.175,TCP,12019,912,0
2026-01-12 00:36:29.309632,53.30.179.137,78.205.28.162,ICMP,48465,1336,0
2026-01-09 14:16:29.309632,72.86.165.251,246.46.187.137,ICMP,11964,101,0
2025-12-21 17:43:29.309632,181.149.148.147,219.174.41.216,ICMP,3901,635,0
2026-01-13 19:42:29.309632,69.48.69.247,118.148.103.46,TCP,28259,768,0
2025-12-30 19:03:29.309632,193.210.30.71,142.20.196.170,UDP,34604,1405,0
2025-12-24 23:25:29.309632,222.64.67.64,49.153.199.230,TCP,8074,436,0
2026-01-09 05:26:29.309632,38.164.126.195,28.183.249.22,UDP,54469,738,0
2025-12-25 12:30:29.309632,216.201.250.37,227.224.97.36,ICMP,22456,1082,0
2026-01-09 14:22:29.309632,148.137.212.97,10.98.12.185,TCP,22164,216,0
2026-01-12 15:00:29.309632,116.38.47.104,152.122.250.100,TCP,37851,435,0
2026-01-13 21:21:29.309632,132.142.188.117,17.157.255.137,ICMP,42094,484,0
2026-01-15 13:15:29.309632,244.249.167.149,248.230.8.10,ICMP,13439,1296,0
2026-01-02 21:26:29.309632,1.47.234.163,87.28.172.202,UDP,41955,115,0
2026-01-08 14:16:29.309632,171.183.32.204,185.21.207.31,UDP,14590,304,0
2026-01-16 08:02:29.309632,137.203.111.248,55.234.76.190,TCP,62249,494,0
2026-01-11 10:13:29.309632,110.108.253.69,149.119.36.10,ICMP,36518,757,0
2026-01-07 20:58:29.309632,83.145.172.141,189.72.250.168,ICMP,26907,774,0
2026-01-13 09:17:29.309632,148.66.248.202,5.241.23.63,UDP,62550,1447,0
2026-01-08 17:55:29.309632,88.24.23.26,180.66.7.45,ICMP,29058,890,0
2025-12-26 16:42:29.309632,161.235.8.32,162.25.157.211,UDP,8934,1430,0
2026-01-10 01:20:29.309632,238.80.225.117,204.49.233.157,ICMP,16248,183,0
2026-01-08 22:27:29.309632,1.219.103.177,44.32.54.30,UDP,15027,924,0
2025-12-31 05:58:29.309632,233.67.154.41,128.112.32.206,ICMP,7956,1132,0
2025-12-30 16:55:29.309632,224.140.47.168,52.218.172.208,UDP,24385,1162,0
2026-01-17 11:21:29.309632,93.128.42.96,214.205.166.31,UDP,22209,435,0
2026-01-01 01:45:29.309632,171.84.26.102,250.70.164.215,TCP,12395,1088,0
2026-01-12 04:15:29.309632,161.156.119.110,247.109.23.152,ICMP,1999,987,0
2026-01-10 12:10:29.309632,168.46.48.1,45.171.32.31,UDP,27371,930,0
2026-01-16 23:26:29.309632,55.244.39.34,71.72.212.44,UDP,43877,1214,0
2025-12-30 08:11:29.309632,152.115.227.3,179.189.84.113,TCP,21742,1207,0
2025-12-31 22:48:29.309632,3.175.61.253,63.20.68.26,UDP,1802,608,0
2026-01-08 11:19:29.309632,221.216.67.123,203.192.80.5,ICMP,26522,1102,0
2025-12-22 23:29:29.309632,19.117.196.23,226.249.41.2,UDP,14960,148,0
2026-01-01 10:57:29.309632,188.52.52.81,2.91.45.181,TCP,31083,1105,0
2025-12-30 02:59:29.309632,95.153.70.98,167.145.213.178,ICMP,15441,1249,0
2025-12-31 19:39:29.309632,199.68.73.18,207.243.64.53,TCP,5343,974,0
2026-01-03 17:42:29.309632,136.4.84.113,37.138.230.106,ICMP,44137,437,0
2026-01-03 00:04:29.309632,90.109.77.236,62.89.19.153,TCP,54434,1286,0
2026-01-13 00:51:29.309632,106.226.111.23,47.255.45.161,ICMP,19265,673,0
2025-12-23 02:52:29.309632,230.51.71.193,212.154.178.108,UDP,43611,1196,0
2025-12-25 18:00:29.309632,32.196.179.247,2.120.98.31,TCP,41905,1226,0
2025-12-26 07:36:29.309632,110.161.71.64,253.48.185.221,TCP,25198,1278,0
2025-12-29 23:27:29.309632,71.43.127.142,195.112.237.198,ICMP,3896,772,0
2026-01-05 21:14:29.309632,154.145.13.218,161.106.141.14,TCP,5429,274,0
2025-12-26 09:46:29.309632,217.154.105.133,50.57.76.176,UDP,59046,697,0
2025-12-29 04:33:29.309632,156.96.200.76,217.242.254.46,ICMP,15340,790,0
2025-12-22 09:01:29.309632,166.27.122.127,41.22.27.166,ICMP,27958,627,0
2026-01-07 08:00:29.309632,99.57.123.128,94.145.107.112,ICMP,20778,1072,0
2026-01-07 00:04:29.309632,164.36.6.253,65.171.232.12,UDP,51318,1137,0
2026-01-03 12:16:29.309632,93.162.67.100,27.26.90.41,UDP,40264,993,0
2026-01-13 03:32:29.309632,221.215.187.140,202.14.248.132,ICMP,33757,531,0
2026-01-09 15:46:29.309632,175.88.241.245,30.36.120.185,TCP,65445,952,0
2026-01-07 09:00:29.309632,253.37.8.151,114.166.214.51,ICMP,7689,1316,0
2025-12-22 06:52:29.309632,18.7.134.56,192.166.117.200,ICMP,47713,1293,0
2025-12-28 20:47:29.309632,11.30.203.130,29.166.116.26,TCP,36156,1237,0
2026-01-07 13:46:29.309632,74.212.216.180,61.211.102.97,ICMP,52873,1231,0
2026-01-06 04:16:29.309632,103.42.78.72,229.112.37.121,TCP,61455,209,0
2026-01-15 00:50:29.309632,22.158.40.131,150.248.27.228,ICMP,56753,1456,0
2025-12-20 08:12:29.309632,236.104.79.138,112.74.110.238,UDP,38320,985,0
2026-01-14 15:40:29.309632,84.200.33.80,157.232.91.100,ICMP,12253,834,0
2026-01-05 18:20:29.309632,179.223.122.15,96.69.234.185,TCP,17528,673,0
2026-01-10 03:51:29.309632,63.44.222.30,50.183.138.52,UDP,63868,1257,0
2025-12-19 17:18:29.309632,117.28.158.171,86.65.16.178,UDP,7226,68,0
2026-01-04 11:04:29.309632,190.89.61.4,146.30.143.35,ICMP,40329,1228,0
2026-01-02 01:01:29.309632,182.70.5.42,29.238.234.108,UDP,22273,1485,0
2026-01-06 04:50:29.309632,128.177.132.43,44.175.112.227,UDP,65335,378,0
2026-01-07 12:32:29.309632,96.64.137.188,76.80.87.148,TCP,42361,1428,0
2026-01-12 22:44:29.309632,227.60.15.86,249.117.44.106,ICMP,46650,1405,0
2026-01-13 07:23:29.309632,207.219.139.135,220.250.110.152,TCP,26482,539,0
2026-01-15 21:46:29.309632,17.134.39.128,122.236.142.4,TCP,45443,550,0
2025-12-29 11:45:29.309632,117.184.28.128,187.219.126.64,UDP,61608,1390,0
2026-01-10 16:08:29.309632,220.85.188.41,84.222.113.229,UDP,64742,256,0
2025-12-29 10:32:29.309632,66.52.59.59,238.76.2.107,TCP,51571,1364,0
2025-12-31 20:59:29.309632,190.1.22.220,251.22.20.254,UDP,46480,1195,0
2026-01-08 06:54:29.309632,221.6.125.12,121.17.217.136,TCP,9728,1133,0
2026-01-10 13:19:29.309632,121.186.196.236,101.245.50.116,TCP,22778,1315,0
2025-12-20 18:34:29.309632,39.91.18.142,127.123.42.143,ICMP,12507,1478,0
2026-01-06 03:36:29.309632,206.214.114.83,193.6.208.244,TCP,42655,484,0
2026-01-03 18:00:29.309632,64.213.163.70,56.67.183.76,UDP,50936,915,0
2026-01-06 20:29:29.309632,212.39.190.31,62.46.8.123,ICMP,58948,1245,0
2025-12-26 23:08:29.309632,129.26.91.58,172.156.82.181,ICMP,46081,206,0
2026-01-09 17:22:29.309632,206.23.205.18,118.12.232.119,UDP,21855,130,0
2025-12-25 06:16:29.309632,225.238.144.199,198.70.207.48,TCP,65112,753,0
2026-01-16 18:32:29.309632,217.159.167.23,203.189.237.181,TCP,56824,78,0
2026-01-12 18:16:29.309632,142.233.4.95,163.0.36.99,ICMP,44688,1189,0
2025-12-20 16:19:29.309632,52.149.155.190,229.170.16.76,ICMP,32613,212,0
2026-01-06 09:14:29.309632,160.124.237.95,110.138.106.202,UDP,5441,692,0
2026-01-15 09:22:29.309632,152.252.100.188,176.41.171.189,ICMP,22978,793,0
2026-01-14 03:19:29.309632,231.125.77.2,239.28.186.228,TCP,2173,1283,0
2025-12-20 16:28:29.309632,239.209.12.60,14.56.196.94,TCP,40897,1121,0
2025-12-23 06:33:29.309632,139.177.4.244,120.20.187.94,UDP,60792,515,0
2026-01-17 16:55:29.309632,86.0.192.218,45.34.104.36,UDP,39357,495,0
2026-01-07 23:01:29.309632,189.157.53.53,252.171.122.139,TCP,30436,868,0
2025-12-25 15:05:29.309632,136.121.214.126,30.244.107.193,UDP,26076,934,0
2026-01-09 11:09:29.309632,247.30.72.183,191.115.164.91,UDP,34507,1424,0
2025-12-27 17:21:29.309632,72.47.22.236,230.136.216.71,ICMP,42998,1064,0
2025-12-21 17:47:29.309632,60.211.190.118,14.32.190.89,ICMP,49632,426,0
2025-12-31 07:01:29.309632,250.43.48.130,116.248.62.121,ICMP,16249,387,0
2026-01-05 16:56:29.309632,35.201.38.152,182.149.231.159,TCP,34009,229,0
2026-01-03 08:25:29.309632,146.31.222.170,95.33.96.229,TCP,39517,544,0
2025-12-29 02:03:29.309632,247.66.121.75,227.234.44.21,TCP,47195,1254,0
2026-01-09 03:31:29.309632,67.161.201.180,101.91.147.246,ICMP,1888,1432,0
2026-01-03 07:52:29.309632,213.167.162.116,245.39.55.43,UDP,16261,1472,0
2026-01-03 19:30:29.309632,70.119.38.242,71.57.75.128,TCP,2407,863,0
2026-01-05 16:58:29.309632,52.69.55.40,39.104.11.76,UDP,41410,968,0
2026-01-01 02:47:29.309632,28.84.230.120,107.67.242.89,ICMP,50754,973,0
2026-01-07 15:19:29.309632,81.208.61.138,108.227.10.75,ICMP,59788,1180,0
2025-12-30 22:24:29.309632,92.106.231.79,49.32.11.224,UDP,9147,173,0
2025-12-23 04:19:29.309632,119.135.61.24,206.118.171.106,TCP,21257,97,0
2026-01-09 20:34:29.309632,41.155.20.56,149.175.167.125,ICMP,16509,724,0
2025-12-20 08:02:29.309632,214.167.75.24,152.227.234.78,TCP,49376,711,0
2026-01-13 00:03:29.309632,183.127.182.102,146.67.156.44,ICMP,29099,212,0
2025-12-21 19:45:29.309632,132.25.153.67,203.133.116.124,ICMP,50643,854,0
2026-01-04 09:07:29.309632,210.89.15.244,96.147.24.38,ICMP,16978,1212,0
2025-12-29 15:46:29.309632,104.231.127.25,91.145.233.245,ICMP,41633,119,0
2026-01-18 00:59:29.309632,119.52.71.32,43.82.146.47,ICMP,6219,925,0
2025-12-22 13:48:29.309632,4.31.113.34,250.89.78.42,ICMP,4944,1276,0
2026-01-18 02:45:29.309632,51.205.190.176,61.59.21.82,ICMP,10031,242,0
2025-12-21 06:50:29.309632,162.43.132.235,148.64.225.67,TCP,25561,803,0
2025-12-20 20:45:29.309632,209.38.11.17,95.94.105.144,TCP,33701,1292,0
2025-12-30 16:57:29.309632,51.227.65.24,182.17.162.251,ICMP,20455,1290,0
2025-12-28 12:37:29.309632,232.169.62.11,89.75.190.115,TCP,14256,1465,0
2025-12-20 09:07:29.309632,242.236.25.44,139.83.154.32,ICMP,10956,86,0
2026-01-16 17:31:29.309632,237.221.202.128,236.12.207.239,TCP,25642,1296,0
2025-12-26 09:18:29.309632,8.195.218.45,128.74.234.238,TCP,14411,1368,0
2025-12-30 07:25:29.309632,91.109.95.71,82.79.2.249,UDP,43093,1206,0
2025-12-25 04:44:29.309632,72.228.76.9,190.169.151.122,ICMP,3501,1478,0
2026-01-10 00:07:29.309632,158.125.151.128,230.148.75.205,TCP,16618,1436,0
2025-12-24 15:48:29.309632,106.245.31.23,145.226.173.177,ICMP,61533,1322,0
2026-01-14 02:52:29.309632,72.196.70.108,29.245.20.36,ICMP,48550,695,0
2025-12-29 08:56:29.309632,52.127.9.254,174.59.157.7,UDP,40212,510,0
2026-01-09 14:48:29.309632,98.183.245.140,103.112.228.92,TCP,63005,1010,0
2025-12-31 02:45:29.309632,201.248.176.234,24.167.28.156,ICMP,30097,1075,0
2026-01-05 05:47:29.309632,145.164.198.70,165.99.113.201,TCP,49464,1393,0
2025-12-27 02:08:29.309632,47.13.163.153,240.142.100.6,ICMP,58513,775,0
2026-01-16 00:39:29.309632,57.15.143.15,22.228.44.250,ICMP,22558,823,0
2026-01-16 02:08:29.309632,208.241.183.197,132.201.99.126,ICMP,9816,1007,0
2025-12-24 15:58:29.309632,150.119.81.26,82.28.184.102,ICMP,19244,397,0
2025-12-26 21:44:29.309632,64.123.136.137,38.218.189.99,UDP,21827,1011,0
2026-01-02 14:36:29.309632,209.28.112.148,96.6.145.89,ICMP,43196,1471,0
2025-12-24 08:56:29.309632,217.198.181.240,90.157.228.224,ICMP,52591,707,0
2026-01-14 18:56:29.309632,215.88.90.61,144.44.110.187,UDP,50856,412,0
2025-12-20 14:54:29.309632,152.162.183.234,228.227.212.206,TCP,3612,1071,0
2026-01-02 15:36:29.309632,152.14.180.243,114.147.83.207,UDP,35152,1185,0
2026-01-14 15:47:29.309632,146.72.96.215,187.217.212.36,ICMP,52907,1411,0
2026-01-05 12:48:29.309632,253.252.158.45,214.44.73.54,ICMP,65082,715,0
2026-01-06 12:07:29.309632,126.19.46.15,78.243.171.17,ICMP,28207,129,0
2025-12-28 11:29:29.309632,60.112.10.135,239.192.45.2,TCP,43487,737,0
2025-12-22 21:52:29.309632,123.0.169.235,105.139.212.45,UDP,54278,1379,0
2026-01-15 09:35:29.309632,158.103.66.88,143.236.70.52,UDP,19921,1241,0
2026-01-16 23:58:29.309632,184.90.165.16,48.195.148.142,UDP,50205,579,0
2025-12-30 12:07:29.309632,6.75.72.199,126.21.154.214,UDP,2569,771,0
2025-12-24 02:10:29.309632,29.186.37.96,150.155.252.144,TCP,16025,908,0
2026-01-02 04:16:29.309632,181.202.51.87,190.237.114.7,ICMP,56521,80,0
2026-01-15 18:40:29.309632,78.165.69.250,203.1.78.68,ICMP,49046,779,0
2025-12-24 23:05:29.309632,41.223.249.167,77.241.63.168,UDP,22727,541,0
2026-01-14 05:00:29.309632,82.89.182.58,171.147.213.46,UDP,23478,998,0
2025-12-21 07:43:29.309632,171.89.193.79,126.125.14.31,UDP,16893,1208,0
2026-01-04 06:06:29.309632,188.150.65.46,196.141.252.249,ICMP,14505,1264,0
2026-01-12 16:45:29.309632,187.0.200.218,18.185.246.145,TCP,36361,968,0
2026-01-07 22:46:29.309632,255.16.93.155,112.132.243.250,ICMP,4560,500,0
2026-01-05 07:37:29.309632,82.113.53.240,178.61.191.132,TCP,60434,771,0
2025-12-22 14:11:29.309632,128.72.169.191,188.8.132.42,TCP,61157,791,0
2026-01-11 11:30:29.309632,20.121.177.252,149.29.74.82,UDP,44598,964,0
2026-01-17 22:09:29.309632,82.85.45.211,119.69.182.42,UDP,17292,948,0
2026-01-03 23:34:29.309632,182.171.228.3,14.139.184.108,ICMP,53540,1316,0
2025-12-20 00:41:29.309632,68.107.127.178,163.182.24.75,UDP,46063,429,0
2026-01-07 13:40:29.309632,18.179.131.202,75.39.99.197,UDP,46648,922,0
2026-01-10 18:17:29.309632,28.0.24.99,161.93.48.154,TCP,48170,295,0
2025-12-24 06:08:29.309632,113.214.85.227,193.85.165.224,UDP,15595,748,0
2026-01-08 04:23:29.309632,106.252.193.90,81.154.138.176,TCP,40867,489,0
2026-01-04 22:28:29.309632,140.192.51.213,179.185.49.137,UDP,58210,49,0
2026-01-17 09:05:29.309632,123.115.83.116,149.180.73.4,TCP,26018,863,0
2026-01-09 09:01:29.309632,19.17.150.6,36.144.190.200,ICMP,35192,837,0
2025-12-26 09:58:29.309632,82.133.53.19,125.210.174.236,TCP,22095,1305,0
2026-01-08 06:32:29.309632,88.87.192.42,234.83.52.56,ICMP,13045,1314,0
2025-12-27 11:15:29.309632,188.38.47.87,40.113.96.204,TCP,30007,916,0
2026-01-12 04:45:29.309632,153.247.15.111,230.58.213.118,ICMP,42290,1068,0
2026-01-18 01:20:29.309632,242.84.222.41,235.39.59.210,UDP,1413,1182,0
2025-12-31 17:52:29.309632,14.51.169.53,34.8.245.90,TCP,5251,1055,0
2026-01-16 11:36:29.309632,250.97.209.179,80.185.71.210,TCP,58024,413,0
2026-01-12 22:41:29.309632,142.135.144.77,114.175.88.182,TCP,33237,1128,0
2026-01-10 10:58:29.309632,61.49.25.101,78.14.60.57,TCP,5603,185,0
2026-01-09 14:37:29.309632,147.251.78.14,33.72.116.79,UDP,63516,263,0
2026-01-08 06:37:29.309632,93.1.218.23,33.107.66.252,UDP,13630,1302,0
2026-01-15 10:00:29.309632,76.245.102.25,21.217.57.20,TCP,4431,216,0
2025-12-31 16:01:29.309632,7.105.87.164,5.247.220.11,ICMP,42590,892,0
2026-01-03 02:54:29.309632,75.41.242.217,51.55.16.204,ICMP,10292,1345,0
2025-12-30 15:00:29.309632,30.157.203.121,169.30.240.31,TCP,62507,102,0
2025-12-23 09:31:29.309632,126.135.46.165,233.129.22.17,TCP,14400,1280,0
2026-01-01 03:31:29.309632,140.198.94.95,78.5.49.201,UDP,9245,866,0
2026-01-08 23:15:29.309632,227.195.189.48,32.105.102.48,UDP,7030,834,0
2025-12-30 13:13:29.309632,115.22.134.113,172.179.14.24,TCP,12399,728,0
2026-01-09 14:27:29.309632,120.134.115.215,38.142.178.91,ICMP,39855,144,0
2026-01-14 09:17:29.309632,69.31.77.193,42.123.34.26,ICMP,36986,1162,0
2026-01-16 05:30:29.309632,179.49.43.172,210.7.111.184,UDP,55491,550,0
2026-01-05 16:49:29.309632,89.211.116.142,50.144.87.231,UDP,53133,424,0
2026-01-03 18:18:29.309632,16.198.214.248,194.2.50.237,TCP,62084,444,0
2025-12-20 18:12:29.309632,138.243.120.122,55.243.187.179,TCP,14410,862,0
2026-01-10 22:46:29.309632,77.40.202.232,151.94.225.173,UDP,16503,557,0
2026-01-03 05:52:29.309632,219.17.75.31,246.54.92.214,TCP,34271,515,0
2025-12-27 17:29:29.309632,244.229.88.243,91.194.217.55,UDP,6139,748,0
2026-01-10 15:24:29.309632,252.85.108.207,132.116.208.29,TCP,28951,810,0
2025-12-29 02:33:29.309632,50.64.21.109,195.160.63.120,UDP,48529,1500,0
2026-01-04 14:25:29.309632,21.222.103.211,29.69.253.196,ICMP,31627,1086,0
2025-12-31 05:03:29.309632,161.75.132.82,93.147.20.22,TCP,21429,1036,0
2026-01-03 22:36:29.309632,234.34.44.100,84.252.59.99,TCP,11775,716,0
2026-01-01 04:19:29.309632,143.203.166.220,73.233.159.176,ICMP,48312,753,0
2026-01-15 14:01:29.309632,71.234.6.202,250.227.115.142,ICMP,13962,122,0
2026-01-01 00:37:29.309632,180.214.57.107,105.148.219.49,UDP,17068,1208,0
2026-01-13 17:56:29.309632,39.75.51.237,220.35.243.241,TCP,28805,1148,0
2025-12-19 21:57:29.309632,28.51.146.223,174.188.91.4,ICMP,12579,1141,0
2026-01-11 23:09:29.309632,138.176.210.68,173.251.53.102,UDP,40722,496,0
2025-12-28 03:33:29.309632,99.248.242.10,113.43.61.37,ICMP,17333,40,0
2025-12-23 08:22:29.309632,45.141.206.37,102.205.52.190,TCP,20881,90,0
2025-12-30 10:29:29.309632,159.205.19.102,237.86.33.94,TCP,19717,724,0
2026-01-06 22:47:29.309632,228.169.121.13,250.101.173.52,TCP,38793,756,0
2026-01-10 16:31:29.309632,191.243.137.230,153.206.62.60,TCP,30394,488,0
2026-01-13 17:16:29.309632,96.10.172.210,215.217.255.72,UDP,64437,920,0
2025-12-30 09:21:29.309632,204.155.159.72,196.139.204.92,UDP,42671,527,0
2026-01-10 02:53:29.309632,216.251.50.249,122.207.248.131,ICMP,14216,73,0
2026-01-17 20:21:29.309632,223.116.68.77,72.75.232.28,TCP,18833,1411,0
2026-01-10 18:58:29.309632,250.226.164.69,32.128.250.128,TCP,57536,134,0
2026-01-08 20:23:29.309632,187.213.45.49,60.68.15.26,TCP,52219,1135,0
2025-12-20 05:42:29.309632,114.108.208.190,189.27.34.128,UDP,32551,193,0
2025-12-23 16:30:29.309632,125.191.28.132,174.13.91.98,TCP,6260,289,0
2026-01-01 20:15:29.309632,203.81.33.80,155.167.78.78,UDP,63342,713,0
2025-12-29 12:54:29.309632,182.206.69.200,160.49.39.170,ICMP,64754,477,0
2026-01-06 20:34:29.309632,218.14.88.50,193.252.238.52,ICMP,24582,157,0
2025-12-30 12:37:29.309632,225.102.29.64,76.254.251.130,UDP,27116,810,0
2026-01-02 09:19:29.309632,9.233.25.236,67.175.9.244,TCP,25771,1369,0
2026-01-14 22:04:29.309632,93.101.140.95,196.16.220.226,TCP,12011,307,0
2026-01-05 05:56:29.309632,211.237.203.163,235.60.196.116,ICMP,31865,1117,0
2026-01-09 23:47:29.309632,237.63.15.62,81.192.226.118,TCP,29943,275,0
2026-01-13 15:24:29.309632,96.250.228.46,10.16.90.143,ICMP,28718,428,0
2026-01-12 14:46:29.309632,246.242.179.89,169.155.84.126,TCP,34131,1029,0
2026-01-04 02:20:29.309632,42.132.46.73,111.68.159.184,UDP,40954,802,0
2026-01-07 19:37:29.309632,8.197.25.42,100.249.56.146,UDP,49181,440,0
2026-01-13 12:02:29.309632,219.109.113.166,173.251.240.122,UDP,29422,663,0
2026-01-03 12:10:29.309632,58.105.137.167,144.80.28.101,TCP,50845,806,0
2026-01-04 11:08:29.309632,105.10.4.122,68.253.193.158,ICMP,11232,1366,0
2026-01-09 02:28:29.309632,234.67.88.154,174.180.145.83,UDP,54730,958,0
2025-12-31 18:46:29.309632,206.4.114.65,16.14.23.33,TCP,63522,1270,0
2026-01-02 09:46:29.309632,156.156.140.109,215.187.178.208,ICMP,53023,1292,0
2025-12-30 21:27:29.309632,230.192.178.118,190.13.174.98,ICMP,32605,892,0
2025-12-29 22:40:29.309632,65.111.238.78,25.219.176.254,ICMP,2315,617,0
2025-12-24 22:39:29.309632,174.203.52.2,92.210.179.15,TCP,50950,114,0
2025-12-28 05:13:29.309632,131.191.144.77,170.125.126.61,UDP,26013,474,0
2026-01-02 19:31:29.309632,176.55.246.17,166.159.43.234,UDP,29026,142,0
2025-12-24 21:27:29.309632,87.141.166.221,177.33.156.30,UDP,56987,1485,0
2026-01-12 20:10:29.309632,71.133.152.49,87.86.10.138,UDP,6471,803,0
2025-12-27 21:05:29.309632,39.123.29.207,84.19.235.169,ICMP,50749,777,0
2025-12-28 04:04:29.309632,220.206.163.175,222.216.215.69,ICMP,60422,845,0
2025-12-29 07:12:29.309632,36.13.254.76,6.240.11.253,TCP,61410,1369,0
2026-01-10 11:44:29.309632,67.214.207.100,82.193.199.83,UDP,20692,137,0
2026-01-01 00:52:29.309632,189.18.97.88,147.50.250.26,ICMP,40022,837,0
2026-01-15 06:51:29.309632,186.113.243.233,177.105.172.128,ICMP,36222,1398,0
2026-01-12 07:54:29.309632,241.183.153.217,129.173.85.158,TCP,11030,898,0
2026-01-15 14:43:29.309632,44.92.150.25,77.186.223.52,UDP,37248,474,0
2026-01-01 07:58:29.309632,121.65.132.186,128.38.109.74,ICMP,48638,486,0
2025-12-24 00:40:29.309632,207.93.171.168,68.24.152.147,UDP,12531,1371,0
2025-12-28 06:53:29.309632,23.113.181.58,103.115.47.184,ICMP,17878,288,0
2026-01-01 22:26:29.309632,191.157.215.202,217.48.172.70,TCP,25950,205,0
2025-12-29 19:20:29.309632,228.169.190.67,18.243.218.54,TCP,31402,1023,0
2026-01-04 21:02:29.309632,150.150.237.218,89.39.154.130,TCP,21061,1398,0
2025-12-27 14:51:29.309632,31.240.27.222,206.153.221.170,TCP,30744,1059,0
2026-01-02 05:01:29.309632,163.36.241.228,139.160.102.107,ICMP,19578,581,0
2025-12-20 02:19:29.309632,50.61.195.136,103.128.232.172,ICMP,25602,798,0
2026-01-12 18:17:29.309632,77.211.27.223,196.92.9.161,TCP,37857,1169,0
2025-12-25 05:07:29.309632,219.77.70.52,181.95.255.55,ICMP,40733,120,0
2025-12-31 22:29:29.309632,88.209.234.37,170.239.137.240,TCP,32529,172,0
2025-12-21 12:34:29.309632,81.92.41.125,164.222.30.134,ICMP,5731,836,0
2025-12-21 22:25:29.309632,86.90.160.163,52.186.236.38,TCP,22855,939,0
2026-01-13 15:16:29.309632,15.2.231.71,62.77.153.217,ICMP,9972,177,0
2026-01-01 17:57:29.309632,54.86.81.126,112.210.163.221,ICMP,47866,223,0
2025-12-25 04:47:29.309632,202.45.66.158,213.32.104.217,UDP,31770,1464,0
2026-01-17 11:35:29.309632,112.219.206.110,106.136.146.166,UDP,13843,1393,0
2026-01-10 19:02:29.309632,248.244.196.2,42.131.120.104,UDP,11157,824,0
2025-12-24 02:55:29.309632,10.102.191.244,62.58.76.50,UDP,61056,1023,0
2025-12-20 00:15:29.309632,4.164.97.5,8.125.158.119,ICMP,13444,108,0
2026-01-14 13:53:29.309632,174.2.127.58,125.223.216.166,ICMP,1290,585,0
2026-01-01 09:26:29.309632,178.176.159.34,232.18.103.41,UDP,1858,92,0
2026-01-09 19:34:29.309632,27.196.156.43,70.69.14.67,TCP,57486,244,0
2026-01-10 05:45:29.309632,17.23.152.243,203.142.90.165,TCP,33830,165,0
2026-01-08 11:58:29.309632,75.233.172.112,219.21.248.201,TCP,48882,82,0
2026-01-03 23:00:29.309632,228.68.175.231,6.28.42.81,TCP,48553,150,0
2025-12-27 20:14:29.309632,126.183.96.43,155.152.32.231,TCP,25544,800,0
2025-12-21 18:59:29.309632,243.206.9.59,245.208.186.172,TCP,33224,1246,0
2025-12-30 22:38:29.309632,58.67.108.188,169.46.203.242,UDP,27529,887,0
2026-01-10 04:40:29.309632,6.86.63.94,215.71.120.29,ICMP,61683,134,0
2025-12-24 15:28:29.309632,183.19.192.225,147.61.128.128,UDP,28268,1437,0
2025-12-22 10:14:29.309632,164.130.24.153,227.46.121.154,ICMP,62639,939,0
2026-01-06 16:32:29.309632,255.24.55.168,32.160.168.214,ICMP,26880,399,0
2026-01-10 19:59:29.309632,215.10.24.177,150.199.120.240,UDP,64619,939,0
2025-12-22 19:47:29.309632,30.213.227.98,109.111.73.28,UDP,49657,320,0
2026-01-14 17:07:29.309632,32.129.242.180,45.109.140.113,ICMP,25471,1258,0
2026-01-17 02:23:29.309632,40.105.4.78,105.130.28.126,ICMP,26185,1258,0
2025-12-21 21:25:29.309632,108.51.138.160,137.191.57.82,TCP,33100,706,0
2025-12-26 08:35:29.309632,156.70.214.213,140.216.243.175,TCP,21189,132,0
2025-12-26 05:49:29.309632,231.53.60.73,64.142.74.93,UDP,43028,711,0
2026-01-14 01:38:29.309632,30.54.254.51,122.188.157.6,UDP,39572,100,0
2026-01-02 06:44:29.309632,156.102.134.213,166.17.27.177,ICMP,5685,673,0
2025-12-23 07:54:29.309632,134.103.183.181,235.122.129.142,UDP,27807,1114,0
2025-12-30 17:57:29.309632,105.151.82.11,99.158.185.232,UDP,59016,1466,0
2025-12-24 20:14:29.309632,141.254.106.177,208.62.121.220,UDP,3561,1068,0
2026-01-13 20:25:29.309632,239.246.169.61,114.198.4.233,TCP,61415,643,0
2026-01-07 09:26:29.309632,1.6.45.233,246.201.130.78,ICMP,9174,721,0
2026-01-16 01:07:29.309632,29.252.76.244,24.120.152.54,ICMP,26236,573,0
2026-01-15 13:59:29.309632,24.38.51.232,221.82.224.162,ICMP,62105,1468,0
2026-01-16 14:20:29.309632,66.118.233.254,82.208.17.71,ICMP,38084,877,0
2025-12-29 17:22:29.309632,251.151.135.119,222.41.251.121,TCP,11657,684,0
2026-01-12 05:39:29.309632,13.51.89.224,189.211.170.184,TCP,13745,272,0
2026-01-05 18:20:29.309632,11.148.184.206,109.51.82.179,TCP,51017,563,0
2026-01-08 22:56:29.309632,174.160.218.190,67.33.180.108,ICMP,29610,385,0
2026-01-08 14:26:29.309632,30.48.23.3,155.167.232.178,ICMP,63741,1109,0
2026-01-01 23:39:29.309632,219.70.87.85,8.26.94.162,TCP,17745,585,0
2026-01-15 05:41:29.309632,92.224.137.225,114.69.1.103,UDP,51562,1141,0
2026-01-07 23:15:29.309632,188.47.190.209,52.156.160.148,UDP,60857,1136,0
2026-01-02 08:25:29.309632,88.93.58.103,22.56.80.64,TCP,50272,833,0
2026-01-14 07:57:29.309632,103.233.139.214,133.66.210.203,TCP,48350,288,0
2026-01-16 17:11:29.309632,99.244.215.167,241.163.231.123,ICMP,23861,86,0
2025-12-22 04:39:29.309632,227.85.57.34,224.68.133.45,TCP,34414,1184,0
2026-01-16 04:44:29.309632,179.30.81.27,176.167.144.51,TCP,47490,253,0
2025-12-23 23:15:29.309632,107.247.224.47,22.212.188.47,UDP,33039,278,0
2025-12-28 21:49:29.309632,157.194.183.157,101.193.114.6,TCP,42631,1119,0
2026-01-16 22:05:29.309632,8.66.247.236,243.11.117.233,ICMP,46137,389,0
2025-12-29 01:21:29.309632,125.57.210.113,23.236.101.68,UDP,25146,146,0
2025-12-31 11:55:29.309632,12.32.133.168,180.86.25.103,ICMP,46659,870,0
2025-12-23 03:32:29.309632,81.6.114.251,159.219.133.39,ICMP,4798,87,0
2025-12-26 14:24:29.309632,245.173.48.111,23.188.87.243,UDP,43674,376,0
2025-12-30 08:51:29.309632,170.127.246.89,146.60.7.184,ICMP,26270,1089,0
2025-12-27 08:43:29.309632,170.197.76.215,135.222.232.212,ICMP,61737,843,0
2026-01-13 13:47:29.309632,212.27.5.165,173.253.60.58,UDP,28806,1320,0
2025-12-22 20:51:29.309632,240.80.240.219,183.104.97.243,ICMP,49229,47,0
2025-12-26 13:50:29.309632,127.84.38.193,221.136.147.192,ICMP,17190,664,0
2025-12-19 13:47:29.309632,126.164.123.85,127.195.66.111,UDP,16899,1316,0
2026-01-07 01:04:29.309632,249.142.25.130,220.105.110.211,ICMP,32325,758,0
2026-01-08 22:56:29.309632,58.193.206.210,73.96.214.47,UDP,3278,342,0
2026-01-15 11:28:29.309632,61.40.235.114,105.74.14.75,UDP,61406,678,0
2026-01-09 20:08:29.309632,206.229.45.220,250.134.120.159,UDP,54306,95,0
2026-01-01 16:59:29.309632,128.228.161.31,116.127.189.150,TCP,24702,765,0
2025-12-20 22:31:29.309632,252.254.9.27,176.234.43.3,TCP,42367,565,0
2025-12-29 23:42:29.309632,104.211.18.143,121.68.165.250,UDP,47322,513,0
2026-01-01 13:33:29.309632,141.0.46.203,178.203.108.183,TCP,45347,67,0
2026-01-01 07:40:29.309632,155.155.105.168,99.216.131.19,UDP,2868,117,0
2026-01-09 02:47:29.309632,172.233.174.94,25.30.26.86,TCP,46726,1279,0
2025-12-22 16:36:29.309632,212.27.114.217,239.120.241.233,TCP,44642,1449,0
2025-12-30 01:49:29.309632,117.169.242.184,91.23.2.65,ICMP,43309,404,0
2025-12-31 11:49:29.309632,169.186.231.30,130.195.154.251,TCP,10708,705,0
2026-01-16 21:35:29.309632,25.113.1.88,102.189.67.248,ICMP,18143,565,0
2026-01-15 07:04:29.309632,91.149.191.180,229.21.91.67,TCP,40694,738,0
2025-12-28 10:56:29.309632,28.23.84.127,44.252.173.225,UDP,30866,1375,0
2026-01-07 19:13:29.309632,36.209.54.66,120.67.45.82,ICMP,62900,922,0
2025-12-24 16:13:29.309632,157.100.96.31,182.221.72.67,TCP,45651,1070,0
2026-01-13 05:40:29.309632,239.201.110.118,30.160.22.251,TCP,10674,1066,0
2025-12-29 16:25:29.309632,212.97.173.28,33.255.143.192,UDP,17682,958,0
2026-01-17 22:15:29.309632,194.212.23.238,93.220.144.232,ICMP,17231,789,0
2025-12-26 05:36:29.309632,163.63.230.118,225.134.135.133,UDP,40479,402,0
2025-12-31 13:00:29.309632,169.68.255.2,81.223.84.81,ICMP,38919,1337,0
2025-12-25 22:13:29.309632,136.24.221.215,189.251.77.143,UDP,63392,845,0
2025-12-22 16:51:29.309632,150.247.90.178,219.225.27.49,TCP,44441,778,0
2025-12-22 04:00:29.309632,149.88.65.27,39.27.117.47,UDP,56166,1078,0
2025-12-27 00:05:29.309632,100.164.196.108,10.240.133.42,TCP,11596,1255,0
2026-01-02 10:51:29.309632,251.127.140.102,181.239.223.30,TCP,1825,524,0
2026-01-15 12:48:29.309632,247.175.150.116,255.253.20.114,UDP,8667,67,0
2026-01-14 08:35:29.309632,207.68.70.106,92.248.234.127,TCP,51543,753,0
2026-01-01 14:06:29.309632,155.153.160.183,29.75.63.90,TCP,7066,1102,0
2026-01-08 10:32:29.309632,189.111.102.54,24.104.145.47,UDP,43248,1336,0
2025-12-25 02:41:29.309632,160.148.176.236,214.86.139.145,TCP,47653,1294,0
2026-01-09 18:48:29.309632,173.67.91.129,229.108.2.135,ICMP,61105,125,0
2026-01-02 07:00:29.309632,139.165.59.195,197.92.213.236,TCP,26205,165,0
2026-01-06 18:30:29.309632,91.245.213.173,20.126.255.174,TCP,27078,851,0
2025-12-31 20:13:29.309632,192.146.216.207,25.168.13.73,UDP,47289,576,0
2026-01-11 05:30:29.309632,4.54.12.98,175.62.201.96,UDP,39431,184,0
2026-01-13 00:40:29.309632,38.27.28.52,152.54.165.40,TCP,64858,1275,0
2026-01-10 22:13:29.309632,69.82.146.175,8.41.235.213,ICMP,60064,64,0
2026-01-08 09:00:29.309632,65.74.31.177,182.245.232.161,ICMP,6282,1457,0
2025-12-23 02:43:29.309632,201.151.104.193,245.137.2.85,UDP,34999,106,0
2026-01-15 16:04:29.309632,139.16.183.209,249.22.231.84,TCP,60651,272,0
2025-12-21 06:24:29.309632,116.52.114.191,243.66.108.221,TCP,13391,148,0
2026-01-08 02:45:29.309632,166.199.121.131,13.144.165.205,TCP,58426,1209,0
2026-01-03 02:55:29.309632,201.147.24.238,15.36.195.24,TCP,28735,150,0
2026-01-15 22:16:29.309632,98.198.213.245,103.130.91.62,UDP,11884,267,0
2025-12-30 20:20:29.309632,202.160.27.4,248.204.45.6,TCP,55395,150,0
2025-12-20 15:07:29.309632,191.128.103.159,219.106.83.100,TCP,28992,73,0
2025-12-23 14:37:29.309632,223.226.115.234,200.206.145.166,UDP,17589,662,0
2025-12-29 20:54:29.309632,163.188.100.199,193.78.61.77,ICMP,46357,1432,0
2026-01-14 15:08:29.309632,186.99.150.115,126.221.158.232,TCP,20823,787,0
2026-01-15 04:09:29.309632,46.38.95.247,176.67.183.171,UDP,33827,634,0
2025-12-20 09:31:29.309632,45.61.193.11,25.188.102.126,ICMP,64435,464,0
2025-12-31 17:14:29.309632,110.142.135.34,115.198.243.69,TCP,35960,652,0
2026-01-14 16:16:29.309632,42.130.2.85,145.216.46.194,TCP,44171,731,0
2025-12-21 06:48:29.309632,120.79.20.40,109.188.95.112,TCP,59124,1345,0
2025-12-27 10:13:29.309632,238.165.26.199,162.218.47.11,TCP,26103,1383,0
2026-01-09 20:46:29.309632,239.154.251.203,132.174.237.174,TCP,39426,354,0
2026-01-12 01:42:29.309632,147.183.37.201,58.79.253.135,UDP,21200,916,0
2026-01-18 02:29:29.309632,182.162.112.245,162.42.148.120,TCP,49116,1440,0
2026-01-08 13:53:29.309632,48.34.81.107,112.40.244.77,TCP,27992,1352,0
2026-01-01 02:41:29.309632,140.206.47.90,39.65.153.216,ICMP,50330,1500,0
2025-12-27 17:06:29.309632,57.109.169.85,64.218.151.146,TCP,58452,701,0
2026-01-15 02:12:29.309632,93.150.111.244,13.39.23.132,UDP,61593,316,0
2026-01-08 06:58:29.309632,193.243.4.30,28.217.211.25,ICMP,48704,663,0
2026-01-17 08:13:29.309632,172.177.228.62,119.129.181.66,TCP,57995,555,0
2026-01-10 19:57:29.309632,232.124.20.175,150.41.8.30,UDP,6841,1413,0
2025-12-23 14:31:29.309632,227.164.195.235,190.236.91.202,TCP,8178,882,0
2026-01-09 20:14:29.309632,204.58.197.66,47.201.23.22,UDP,42709,389,0
2026-01-04 06:55:29.309632,139.144.12.234,107.152.160.151,UDP,38543,862,0
2026-01-07 00:53:29.309632,133.191.228.125,186.232.230.160,TCP,51918,1200,0
2026-01-03 14:55:29.309632,12.151.98.83,207.135.174.248,UDP,53284,798,0
2026-01-03 01:32:29.309632,132.42.49.43,236.95.108.48,UDP,23587,938,0
2025-12-24 05:07:29.309632,249.3.33.54,21.132.54.112,ICMP,54378,282,0
2025-12-26 18:31:29.309632,172.109.217.214,137.9.2.102,TCP,10369,582,0
2026-01-03 11:06:29.309632,27.105.222.166,30.6.87.168,ICMP,18647,1103,0
2026-01-07 04:29:29.309632,210.36.78.7,123.235.207.223,ICMP,50085,268,0
2026-01-11 00:03:29.309632,118.169.19.23,169.249.155.159,UDP,14748,587,0
2026-01-01 13:40:29.309632,19.27.91.204,209.184.202.206,ICMP,61966,959,0
2026-01-06 16:16:29.309632,65.36.116.234,78.44.64.35,TCP,50056,1286,0
2026-01-13 11:43:29.309632,67.208.198.116,4.97.57.209,TCP,27098,45,0
2025-12-21 02:56:29.309632,162.207.221.81,5.96.13.54,TCP,46827,1385,0
2026-01-09 03:39:29.309632,5.199.60.137,124.74.123.112,TCP,21208,507,0
2025-12-23 11:03:29.309632,2.32.23.180,216.97.44.78,TCP,1437,114,0
2026-01-02 18:24:29.309632,218.37.183.238,198.237.75.122,TCP,12053,43,0
2025-12-30 22:33:29.309632,129.54.148.202,109.11.59.43,ICMP,54519,685,0
2026-01-03 03:58:29.309632,176.154.44.73,232.78.227.247,UDP,33242,157,0
2025-12-24 17:29:29.309632,196.224.195.102,125.241.10.221,ICMP,1120,920,0
2026-01-06 20:20:29.309632,211.15.242.41,116.124.103.76,UDP,7365,543,0
2026-01-11 20:56:29.309632,137.112.69.192,146.200.26.86,UDP,5594,986,0
2025-12-19 12:07:29.309632,101.151.73.77,3.52.221.251,ICMP,51725,613,0
2026-01-18 09:12:29.309632,174.191.5.142,107.253.148.10,UDP,46650,233,0
2026-01-13 03:31:29.309632,224.72.63.11,125.204.248.132,ICMP,28400,886,0
2026-01-09 11:28:29.309632,2.201.43.79,152.249.118.183,TCP,35420,754,0
2026-01-07 06:14:29.309632,54.176.108.106,16.9.216.148,TCP,28335,1455,0
2025-12-21 22:04:29.309632,232.72.82.48,81.32.137.229,ICMP,43911,1089,0
2025-12-27 23:45:29.309632,57.129.99.30,166.213.242.30,ICMP,19913,1498,0
2026-01-12 01:08:29.309632,47.27.236.166,127.177.229.179,TCP,49057,212,0
2026-01-04 22:01:29.309632,141.37.148.172,112.10.82.74,ICMP,29259,1363,0
2026-01-16 18:56:29.309632,18.128.50.51,186.98.240.89,UDP,12199,365,0
